4.372949129097651877e+00,1.694901486246214839e+00,1.158779812220871008e+00,9.408182718289303637e+00,-9.367814098184444660e+00,-8.633333445703378572e+00,3.373797470229765167e+02,-2.979414567683934223e+01,-4.678831541550061957e+01,3.440239090543563805e+01,1.852144845356433223e+02,-1.997602970640818398e+02,-3.294341601804333663e+00,1.135543500631875879e+01,-5.095245068403485789e+01,-4.832943080522818491e+01,7.417451082640386772e+00,1.979906944318253892e+01,1.158824907964521422e+00,-6.763684669592248611e+01,-3.688340946102598394e+01,3.742923676550118728e+01,2.181531278441203980e+01,-4.455020708188565237e+01,-1.595471223208622291e+02
-6.280909177080093997e+00,-1.639454278869170722e-01,-8.567516178585520947e+00,2.113099450660191891e+00,2.076682169133841072e+01,9.392015687797258749e+01,-4.253721915971563021e+02,-3.853911254173036838e+01,5.639028952903906600e+01,5.226600798101692646e+01,-8.199406094292453417e+01,1.282794309449868422e+02,-8.251105110814854982e+00,4.434595198492294799e+01,-1.397867137612843180e+02,-9.417080053070563395e+00,-1.387121866343852332e+02,3.971905594667068939e-01,2.863893734503412336e+00,5.924525067352716690e+01,-1.515548954052022737e+02,-4.988992015244734546e+01,4.601200878563318497e+00,4.798150158516452990e+01,1.004038772784583244e+02
2.143709885601810416e+00,1.196202257022166870e+00,-1.262286276857803591e+00,2.536002486177288517e+01,-3.599826449238982207e+01,-2.231715847672467135e+02,6.170707065919083334e+02,1.151362088197001015e+02,9.758783458032311842e+01,-2.945833414513360822e+02,4.163807788647842045e+01,2.034945804729863426e+02,-3.642279071713555538e+01,-1.761724279289767026e+02,4.544359731340850317e+02,9.522197232324164418e+01,2.376999455804266290e+02,-8.867880541258148241e+01,1.100207120329579169e+02,-5.895914530583596047e+01,6.179880602822601077e+02,-2.581935490678774769e+01,1.299172441814489503e+02,-1.264560456362602565e+02,5.046657105407385302e+02
-4.100287969075189665e+00,-1.266305302973209201e+01,-1.653263064323445874e+01,-2.246590797817028928e+01,6.224232734167421199e+01,2.001884813226423887e+02,-9.963072572927634383e+02,-5.848629370497423707e+01,-1.942099954530821151e+02,2.884448839730370082e+02,1.821519219162667014e+01,-1.406732982196185731e+02,3.568457559599138307e+01,9.442328614576045709e+01,-2.892535024852737706e+02,-2.185867508993403021e+02,-2.164933032785487512e+02,1.610378078298654145e+02,7.841755265822564525e+01,6.250006767878404901e+01,-7.208045775651399936e+02,2.137340173131923393e+02,5.552976670320092012e+01,1.926092708031762299e+02,-6.802755542875935362e+02
-2.309286326607319140e+00,3.429823011022202195e+01,5.870806128304861460e+01,-1.394570489030535043e+01,-2.485064922727843850e+01,-6.440026656915424041e+01,4.726621523199337389e+02,7.364419398921810966e+01,9.723448626806856510e+00,-5.025005770757978496e+01,-1.635221835249761853e+02,-2.274108672177135304e+00,-2.898182140923240002e+00,1.916990938302103586e+01,1.090598807896651401e+01,1.806958036541129786e+02,1.174483312025121791e+02,-8.670045415853147119e+01,-1.941053200892969812e+02,4.665188719728796229e+00,2.920050675686920840e+02,-1.765867497994136102e+02,-2.031508389424597283e+02,-6.990684639584696924e+01,2.351516938157273842e+02
7.418880099583335941e-01,7.119078277297230528e+00,-2.481642850899991615e+01,-9.907375182974851313e+00,4.004476387045143859e+00,-4.722583325276684008e+01,1.065448007967115984e+02,-1.139658862665211387e+02,5.203927184325775812e+01,1.176999232155079511e+01,-1.890835926445286361e+02,1.113416359350321727e+02,-3.755029762439485097e+01,6.200572766665001900e+00,1.108627763038763447e+01,-1.038212169658730488e+02,4.515128064743657887e+01,1.164384124741888904e+01,4.580137794158841302e+01,3.015046217378767324e+00,-1.489142958732748525e+02,1.036061616363440407e+02,5.627165998136398173e+01,8.714797314381058868e+01,-1.113050512274675725e+02
-3.196561591990992657e+00,-4.023032073232482020e+00,-4.595488460934113562e+00,-8.257505404658907366e+00,-7.187985189518439455e+00,5.399574614578332898e+01,-1.289197366829785665e+02,3.043145887323280618e+01,3.261912142676250426e+01,-3.163459459478713143e+01,1.583527656345994501e+02,8.564614462050745658e+01,-4.679401353573086197e+01,3.026285540401466392e+02,-6.466801771732313000e+02,9.551813693345370382e+01,-7.632238159130298527e+01,2.384502751747476879e+01,-5.146267467576224419e+01,-5.165163130397102265e+01,-1.479513598703384503e+01,-1.301138687219066981e+02,-6.579968011926524696e+01,-6.720450690617619216e+01,-6.017225054348333657e+01
1.373541032323044586e-01,-5.015128009780207563e+00,5.271592197614849429e-01,6.729652521437046175e-01,3.604331517447127986e+00,4.726061185914720575e+00,-3.011134741428769246e+01,3.578656122600967215e+00,-5.020300441940150904e+01,-1.194194588180688577e+01,8.381069840217691080e+00,-1.437842251889209990e+02,-1.675627275748464484e+01,-2.186834583091035142e+02,3.774512795863398651e+02,1.320185839053856967e+02,-3.288994832609699159e+01,3.134180648974012939e+01,-6.658624563251746054e+01,-3.196625691118254053e+01,-3.592040896300154884e+00,5.239469880079525410e+01,-3.568306333153008580e+01,2.309784830237504138e+01,-5.185263577067651397e+00
2.995121101708656308e+00,-4.432825134849904813e-01,-4.086199918774930495e+00,2.248992843380279716e+00,-1.159408828686087389e+01,-2.632527588183445388e+01,1.462807160735506500e+02,-5.248503385566034574e+00,6.427622925272675047e+01,2.234359636142983163e+01,2.027468282756490225e+01,1.441437938614731351e+00,-8.397071394922815557e+01,-5.332841874846945274e+01,2.802875401345755222e+02,-8.281514552531189111e+01,-1.357340971175891475e+01,1.571124138512413282e+01,-9.181173993760563690e+01,-4.668355547039229947e+01,1.186013833636577601e+02,-8.016612602151276690e+01,-4.459066313527736725e+01,-5.506104891100111587e+01,8.732930211528031350e+01
-4.995900436164248504e+00,-1.815030346193555744e+00,3.848379255702752744e+00,-7.879884456349719457e+00,9.760048661090733546e+00,1.799602108968973013e+01,-1.214586214778452700e+02,7.856076733360652931e+00,-7.795134046204763933e+01,-1.965822663563139017e+01,5.281553785679795965e+01,6.236380474257462936e+01,7.617652032720378941e+01,5.763133211516420218e+00,2.025325859917907678e+02,6.404182311808608574e+01,-1.081699126804154254e+01,-4.698791300387526348e+01,-2.891292354465672787e+01,8.612487177470097777e+01,1.990315366311662615e+02,-1.424982477971288120e+02,-1.080415064383871027e+02,-3.150279092113208890e+01,2.016230415318324276e+02
3.413723145869198561e+00,1.080383188294087304e+00,-6.293918631196520508e+00,7.717637497143989833e+00,-1.456923161626872520e+01,7.360211494679359312e+00,8.924711412129649091e+01,-2.001354365055457407e+01,9.070336501368522875e+01,4.152796803286605609e+01,-9.004461603931497393e+01,-6.924324308475900125e+01,9.152928948881492488e+01,-5.882079420368111755e+01,-1.527171007899486455e+01,-8.624585182885638801e+01,1.686592979707532791e+01,-1.193360529951239783e+02,6.263200335895682258e+01,6.117274892661193064e+01,4.843669753624624263e-01,9.646424622908239144e+01,-3.551559696258106413e+01,2.184932144657011577e+02,2.931215264495428414e+02
1.624771418682162683e+00,-5.215481465641762071e+00,-6.227364559234946917e+00,2.110863367404782309e+01,-1.174151552130686671e-01,4.571619376165583759e+01,-5.503024118923225672e+01,2.442138491079797546e+01,-5.624367132830192872e+01,-4.839815956796877572e+01,4.588225921548700370e+01,-5.833806224426692921e+01,2.397525990038768384e+01,4.263940400011657061e+01,-1.820023744697842858e+02,-1.726359848494254123e+01,5.885766594883298097e+01,7.967132006010848499e+01,1.591008334972767955e+02,-1.699814462566465778e+01,-1.501249398429613393e+02,1.158912838122074618e+02,2.415701043684329363e+02,-1.714942251417891725e+02,-4.067213011982789794e+02
-8.624038413064583075e-02,3.006400092681293934e-01,-2.973851519751913308e-01,7.424955248098896732e-01,1.302055901630161383e-01,1.537523193812555533e+00,1.606620129712139189e+01,-4.001235503497380108e+01,-1.694354310746886583e+01,1.477218127034345514e+02,-3.351747647473821985e+02,-2.004124961503723767e+00,-9.381246600292643123e+00,-2.423149848819755547e+01,7.025320217609123574e+01,-1.511042557115712270e+02,-1.814705604218430635e+00,1.462018749391888472e-01,-7.432475191565135475e-01,-3.519282764871509150e-01,-9.286180070423694088e-01,-1.312508724863552523e+00,-4.755058306067172502e-01,1.520523136341211945e-01,-8.345303289252378187e-01
9.307428493907531575e+00,-5.683536964865469443e+00,-1.207432941019975026e+01,-5.766644317100654860e+01,-2.565152091611530238e+01,-1.118557596795236435e+02,7.477259648747590859e+01,9.718904999630673558e+01,-1.389355471483098370e+02,2.035431244552925421e+02,3.437844075210750816e+02,4.472597677042962232e+02,4.339661402224629683e+01,3.110526764179744532e+02,9.952600460925058456e+00,1.040181578792322625e+02,1.854631165245735360e+02,3.362930328107304234e+01,-8.529959209464253433e+01,3.637430736106544771e+01,2.120109249912669043e+02,4.256754828890670694e+01,-5.956870686909255141e+01,-5.422631394779941161e+01,1.357086472770493231e+02
-1.392812050993175177e-02,8.914704392372790664e+00,-4.529951782997367893e+00,5.447486474597463513e+01,-3.184620488852625542e+01,-1.581732136148845669e+00,1.359092175511253799e+02,-4.526603232380590924e+01,3.822510304145521332e+02,-7.874041359093787378e+02,-2.431490450419366880e+02,-2.835021677808044274e+02,5.275868700638996245e+01,-1.810207146409747736e+02,-1.149723833130042010e+02,1.561279757009832565e+02,-7.333318734270157790e+00,-2.555311756373960463e+02,1.228111893861679675e+02,-3.922207743954455594e+01,-2.765237010675766669e+02,-8.621410779553917436e+00,1.728737489150026008e+01,-8.707809062669039690e+01,-1.682582551207818540e+02
-1.030389923731581980e+01,8.855473603938932570e+00,-2.482042595043753863e+01,-1.775675124910287650e+01,2.377186162010139370e+01,1.157509186977206355e+02,-2.392174714969222293e+02,1.124619881935841059e+00,-2.404597039539658851e+02,4.445287344651473518e+02,4.749487179216270505e+01,-1.716672035314383891e+02,-6.195306353090863638e+01,-2.020916524486598860e+02,2.838232927204918496e+02,-7.102576341644248714e+01,-7.032021809510149524e+01,4.534390481439569953e+02,-6.475525173391273484e+02,4.601828495519350781e+02,5.049895803888597356e+02,1.275293607730922929e+00,-4.892169038045800562e+02,4.260727579131347511e+02,2.694727644752829292e+02
2.180080258169834906e+01,-6.863706439847194929e+01,1.241436554542319470e+02,6.470663637352929243e+01,4.739363269658797151e+01,-3.722052957506633675e+01,-1.480853238913329051e+01,3.836259333801933291e+00,9.034862454513825014e+01,3.715563493871182743e+01,1.809491406620258545e+02,2.619826906778081721e+01,-1.783491950142638416e+01,7.431513303732822351e+01,-2.719566159185453671e+02,-4.363716865866081207e+01,-1.276295382799979450e+02,-2.534870042599964677e+02,5.816189548897016266e+02,-4.546406914339365812e+02,-4.386307924293845417e+02,-4.227206762157675257e+01,4.988347578759149314e+02,-2.879092239956199819e+02,-2.344314295126443994e+02
-2.090486164235438871e+00,5.490988314066620468e+00,-6.435254654295796684e-01,1.837631457750250163e+01,7.532284021657768669e+00,-3.727549599133491398e+01,8.735515539751676783e+01,-1.344234633566734338e+01,3.737672178211891350e+01,-1.045701409313414487e+01,2.773551063700452346e-01,-5.931462378145074155e+01,1.774419942178274709e+02,1.271658200076049923e+02,-3.480225980219493636e+02,2.195871617203937376e+02,3.934511881487169660e+01,-1.028012561142759296e+01,-1.023146573698535811e+01,4.495267733270491561e-01,-2.094369132519589005e+00,1.945809698083497352e+01,-3.707401022771223609e+01,5.241872494403683191e+00,-1.802589031846031276e+01
-1.973866713631615699e+00,2.358709463264871964e+00,1.725245248744053939e+00,-5.595955981012534153e+01,-1.191753962281283563e+01,-1.721412448002603810e+02,3.386508015410653911e+02,-2.926738839876354348e+01,-2.701157676643217087e+02,5.775419179096268181e+02,-1.903374732519795884e+02,9.786157391865503996e+01,-1.216874112742636527e+02,-4.421569651723395395e+02,6.464551940139222097e+02,-2.147693244118909206e+02,1.712533130695025250e+02,-5.751846368408536136e+01,4.731001379187867428e+01,1.952910465332705598e+02,-2.267068602239378095e+02,-8.664199644764107688e+01,7.503813151985418983e+01,8.877410396540066984e+01,-1.192804824252955598e+02
1.741620550114975785e+01,2.300446546957450877e+00,-3.600427933199892294e+00,-3.477581198453958677e+01,-1.638086376257508192e+01,2.198309215821672922e+02,-6.161733212558025343e+02,-7.282645056548453510e-01,1.321663539089059327e+02,-4.832191743810262210e+02,1.116053448668950381e+02,-2.346945404200143628e+02,4.775330680198734967e+01,1.951785035255277307e+02,-4.992600650122305979e+02,5.231972026093183104e+01,-1.962974541114225246e+02,5.553988902926240456e+01,1.686600782790092978e+02,-2.373358698214260301e+02,2.514843006867446036e+02,1.907215310734657976e+02,1.827744191159379739e+02,-2.228265409527531347e+02,1.823820506418590526e+02
-8.649323868747949007e-01,-8.218083946115978478e+00,-1.083767391607644903e+01,1.359157072798307020e+01,6.603661835730023633e+00,1.500788237825089766e+02,-2.195083684353257070e+02,5.016033594897931636e+01,5.991516710385109690e+01,-2.508169336070497764e+02,7.312851448778852159e+01,-6.965091151321750829e+01,-1.371923961331988906e+01,3.637007995745614153e+01,2.905460521172990411e+02,-1.089812461666853238e+02,-1.843710819374544485e+02,5.962485814697947717e+01,-4.293589294581892091e+00,-1.409133476699424570e+01,-7.204792378966347144e+01,-1.351632503146370823e+02,1.609775549369416581e+01,7.493401669026941647e+01,-1.010556168925171505e+02
-1.679881817256009668e+01,-1.231790899264774275e+01,-1.241373607195667361e+01,2.378014720003268323e+01,-3.951172506517302008e+00,-2.174747249511755740e+02,3.321412333301482818e+02,5.312173085469201794e+01,6.302740725173649139e+01,-1.649718681376561733e+02,4.098611951228358663e+01,2.408041845321602921e+02,-2.343860195459902585e+01,3.611808688331521466e+00,-2.600145446206571620e+01,5.724721071177305021e+01,2.415563967063812640e+02,-7.271812075822613508e+01,1.072744115202503679e+01,6.961168797118098439e+01,1.165167403038905114e+01,2.584645072825936651e+01,1.388428300547417393e+00,4.990184241385307473e+01,9.929398620956786203e+01
3.315816356528669129e+00,3.420665507413627182e+00,-1.443285019190121332e+01,1.892304165182078890e+01,1.337582529947286325e+01,6.763216969234994735e+01,-2.077903528944397067e+02,2.722495605273259400e+01,7.924405366891484448e+01,-6.095865166020097092e+01,-6.963234957034440242e+01,-8.687596624270729251e+01,-5.633431546241507704e+01,2.094728469317832520e+01,-6.568575347086300553e+01,-9.254227016290950303e+01,-6.392219504899942706e+01,4.395758945361402681e+01,5.803157627035503197e+01,-2.148001821568011280e+02,1.594183663987257091e+02,1.149850752483006886e+02,2.081630908952945447e+01,-1.992852634393559583e+02,-3.422016310566788206e+02
-9.077363120811366315e+00,1.968389861569097832e+01,6.360597427862582087e+00,-9.218761340145551486e+00,-6.216865150051804179e+00,-4.393699242081744671e+01,2.887175412510047181e+02,-1.037887441988210213e+02,-1.262304248819177843e+02,3.605874645929766302e+02,3.549591960756013265e+01,1.068808633370302914e+02,6.009925007318264534e+01,7.263238644181910786e+01,1.079722007156522068e+01,9.264204947465032092e+01,2.083450162838754238e+01,2.113447562062233942e+00,-2.621596258812239739e+02,2.000014867934847587e+02,-1.268855689982499939e+02,-1.361142637938191342e+02,-2.393101199057464896e+02,2.028189335093642853e+02,3.003193800914765461e+02
4.948131746178455082e+00,1.421739880133752365e+01,-3.829209394808330558e+01,-2.596787487208964507e+01,1.329625740628280717e+01,-2.058992914664237617e+02,5.173793680734486315e+02,-2.117620466767418108e+01,-4.584848987286365940e+01,-4.921458199253782340e+01,-1.389007200781153415e+02,4.693401755557958381e+02,-4.198120648883454464e+01,1.405219817559112414e+02,-1.028363808606724490e+02,8.518371579469956600e+01,1.994563590526001065e+02,1.070295963959861325e+02,-2.287974628970986402e+01,3.724583082823826885e+01,-3.114594114002583183e+02,1.119332552371244560e+02,-1.758264453750690137e+01,1.375938147484164631e+02,-2.236660180949492940e+02
2.076963007242214054e+00,5.662609939853727070e+00,-8.770662122302240959e+00,-1.761438228125750172e+01,7.656528283564623116e-01,1.673096650248996298e+02,-5.297003213792904717e+02,7.147410446132288087e+01,-2.767984583102462537e+01,1.365550118740985397e+02,1.240157796742954019e+02,-3.623723666946618778e+02,2.375128608248744655e+01,-2.636918517378120441e+02,3.062053050864222428e+02,-1.934592394105602864e+02,-1.468464017125626810e+02,-8.405986495418463278e+01,1.060962173752852955e+00,2.784846692913598432e+01,2.225667443500134368e+02,-1.312090041752198033e+02,-5.070478846273898199e+01,-6.472645004908341093e+01,2.650053044739204324e+02
1.451300932151728951e+00,3.776898320099904893e+00,-6.826186930585491197e+00,9.220892580361292445e+00,-9.834719692920913303e+00,5.212897989574182134e+01,4.504623965391929552e+00,-1.746287025853954233e-01,4.365372530114539629e+00,7.124323931324735781e+01,1.087394892125389134e+02,3.509172196012059430e+01,-7.272740083601900096e+01,2.896818140818837719e+02,-4.408442138323368908e+02,1.815080210683058795e+02,-4.701059766784536009e+01,-2.914866410927489326e+01,3.123854327319774526e+01,-3.367321128583265022e+01,7.800451997063609610e+01,-1.708313322820480096e+01,2.996431365742049380e+01,3.612512940889125446e+00,8.871390500317031069e+01
-2.985629702647241146e+00,5.404303104026930704e+00,1.286133247472445174e+00,2.053962853860810611e+01,6.250992907355395367e+00,1.478262893725508320e+01,-8.334969559032006714e+01,-6.791533616155095388e+01,1.415270701124279071e+02,-3.554539571378552409e+02,-1.238113072867933795e+02,-4.856180145927785929e+02,4.880061475688356154e+01,-3.096674719661547215e+02,2.774668992587812681e+02,-7.573246321090516631e+01,2.540799925088079902e+01,-5.485335025149449706e+01,1.205029246686569167e+02,-1.284441699879139094e+02,1.026046228470133315e+02,1.606132566977364107e+01,1.533294527333857218e+02,-1.549116762023028002e+02,-6.139326021086335317e+01
-3.844313680014341816e+00,1.506899844620050288e+01,2.731601177525664781e+01,-1.617855378834234514e+01,-4.104321461363264589e+00,-2.028995323688009123e+01,1.025906925648784522e+02,4.377938910649305626e+01,-9.473832142125462497e+01,2.032825335523274646e+02,2.803405953690969454e+01,3.600055065391336484e+02,-4.591793158525403484e+00,1.210871154318408855e+02,-3.929598764986275228e+01,-8.897008640308284866e-01,-3.440911262493665390e+01,5.813688392237661873e+01,-1.426172458807218106e+02,9.070459825091479900e+01,-8.918157009397590684e+01,2.074673669384077002e+01,-1.207213892645161195e+02,7.774596974301003627e+01,-7.216407988475566526e+01
7.947333985862792272e-01,1.067274302897636140e+00,-2.421363565058292089e+00,9.122302932568077116e-01,-7.824147888012189522e-01,-1.616166167064707793e+01,6.312823502130028430e+01,-3.679617141052767693e+01,3.998050326191838622e+01,-1.293205001389311235e+02,6.643598734948866991e+01,1.745619587698107367e+01,-5.147985455147945366e+00,-1.364001714819651490e-01,2.717088297642516359e+00,-9.806570942371948263e+00,1.623895493720280214e+01,5.414720747408480861e+00,2.327545047025080027e+00,-3.811492508590355044e+00,-1.331745257122279824e+01,1.071143414832412510e+01,1.966115879010410739e+00,6.247224489984176010e+00,-1.515000526453099106e+01
-2.785900841670517547e+00,2.904873397271034996e-01,-9.704427459652448462e+00,-3.029058749067567113e+00,4.198721743940443396e+00,5.063441166432420815e+00,-3.153938682475041944e+01,7.727262537281644583e+00,-5.601415360520674014e+00,2.288885388857105241e+01,-3.190537961603290285e-01,1.161971016497321152e+01,-1.483254897831391972e+00,-9.694698720816152360e+00,2.706785752391357036e+01,9.824590477715725356e+00,7.246023637876546353e+00,-1.936275700540661759e+01,-1.813902120201229096e+01,-1.604575150640303249e+01,-4.208076096180170644e+00,-3.266196568700618030e+01,-2.547353376394893587e+01,-1.296542927136339429e+01,-7.144016261824337022e+00
-3.378710705143155302e+00,-3.345848402750639661e+00,8.682789722487382900e-01,-5.199874129491477426e-01,2.852615124950631298e+00,1.800063856736457524e+01,-1.412304688321310095e+02,5.723521459172170367e+00,-3.784047640152908798e+01,1.175813219169464929e+02,-6.219903690127683404e+01,8.296690026549322283e+01,-1.255035822704005710e+01,4.164804891793777131e+01,-3.204292958209275355e+01,1.934916494251405794e+01,-1.489027835479604001e+01,-1.043081969866956449e+01,-2.531176861573192483e+01,1.825956517142278912e+01,-1.179142342835000079e+01,-7.251610523051557067e+00,-2.071898102640155059e+01,1.800583957979761607e+01,-5.609689566305648967e+00
3.692412706085784757e-01,-2.174526192399255375e+00,-2.440552522176537842e+00,3.607934036632985730e+00,-6.130766785900525484e+00,-5.045978568729590386e+00,1.648363283153528869e+01,-7.930145191413828787e-01,-3.295246783728060791e+00,5.558343073834448589e+00,-7.904258437896800160e+01,8.637911902165832601e+01,-1.497331692832073458e+01,6.650050081174124728e+01,-7.830178058806633601e+01,-7.989918991177212604e+00,-3.862877068878781017e+00,5.813714788268726785e+00,-9.485267273209583294e+00,-9.979584298233454831e+00,2.063938726606476948e+01,2.852141161510530765e+00,-5.018085637919442732e+00,-1.655099056657550705e+01,-8.337962597864780889e+00
1.200148410497661189e+00,-3.827302159783536606e+00,2.947103299625936312e+00,-8.115258692180060685e-01,-8.005098147263376873e+00,2.133690097563636812e+00,8.338418824566105059e+00,-1.024941986687108653e+01,6.424584470193177310e+01,-1.141130477994436205e+02,1.338781979822163066e+02,-4.909907073388735199e+01,3.250666136293925490e+01,-1.460611773144416148e+01,3.771828933539283213e+01,-8.668260862387725751e+00,-1.414187573100420181e+01,1.218112810827455483e+01,1.099139074634631896e+00,7.204120489606458122e+00,-6.625513922922565690e+00,2.131811052537218032e+00,-3.581818630432556105e+00,6.871227654115795502e+00,3.195985326872007093e+01
-3.779047240745875280e-01,5.181574536717337143e-01,-1.051454532964243072e+01,3.143683025808289067e+00,1.044933553623200240e+01,1.032499686139842110e+00,1.172476763922632870e+02,1.654482395049716814e+01,-1.018279223067426642e+02,1.003028735597882246e+02,-5.406250177770122178e+01,-1.105750447581357321e+02,-2.284518744345830754e+01,-3.791473369874210420e+01,9.310156093757710138e+00,-2.690046571103761153e+01,-1.141445898205115661e+00,7.711231945371466168e+00,1.219146910917638493e+01,4.903831399816612091e+00,-3.359035332441569466e+01,1.553261474463498182e+01,1.167906071895147946e+01,5.792429842151995523e+00,-3.487657841612490017e+01
-5.482787607668171415e-01,-7.370404387792762080e+00,1.926582929988985882e+01,6.916445499203760505e+00,-1.605185456125346466e-01,-5.416721886385460039e+00,-3.209099410429996624e+01,-3.976478783015574336e+00,3.932664539061335063e+01,-9.749327378642760777e+00,-5.726318007503891749e+00,-3.903565866481421409e+01,4.800283608311396222e+00,-4.456319876677451930e+01,3.129627611550563415e+01,2.658676908826205931e+01,8.258127572941397432e+00,-2.616143026355210122e+00,4.300109326153906864e+01,1.349604719641810391e+00,4.830281815027504422e+01,7.615356768566479140e+00,4.321287599256645962e+01,-6.300517264759997182e+00,3.980161443898029461e+01
1.844883318934426031e-01,2.051034720440131132e+00,-1.121801663505049262e+01,-3.703824046175129503e+00,5.238862826691894625e+00,-1.547686360702542530e+01,9.577126007108127226e+01,1.170345969415650167e+01,-3.726307970006631365e+01,6.585778036280059311e+00,3.373759450549029282e+01,-4.232048969782355563e+00,-2.175456862810936087e+01,-1.455052201914464405e+01,5.062671312197887374e+01,-1.501636746326715013e+02,1.532662787369097224e+01,1.111327337029479345e+01,-7.429018453497132413e+00,2.168577006180498756e+00,-7.006612839002461612e+01,1.011014470359059203e+01,-7.098489651514438670e+00,1.305682297153694904e+01,-6.451559583876887416e+01
-1.123138735593395832e-01,-3.147273226862155937e+00,-2.832088615104311202e-01,-7.801239605945791133e+00,-5.153786950064145778e+00,-4.836564277355583918e+00,3.686352300689044625e+01,-2.387387632717175023e-01,-1.620506795327191440e+01,4.437122724975859001e+01,-1.557986289270814950e+01,1.646624276487168572e+02,3.876625776848685945e+01,2.138129743601214727e+01,2.904665669302530162e+01,1.449337320196566452e+02,-7.456258967261513604e+00,-1.305778910087306066e+01,-2.436219200778470650e+01,-3.580937702421598701e+00,9.017174902812993764e+01,-3.159130331629230781e+01,-3.384517293493735224e+01,-1.264340473700984013e+01,9.003284756207001749e+01
1.124647080068244653e+00,1.143880918570711502e+00,-1.715618998269828888e+00,3.016781825971004860e+00,-1.057588972949369222e+01,3.193097806402076344e+01,-1.336864729132195464e+02,-8.585888939074013848e+00,1.121978470807280814e+02,-1.844379891484041423e+02,1.097258851445917394e+01,-3.275134071960853248e+02,-2.786660844338616272e+01,-1.007144035615280870e+02,4.221143425182013686e+01,2.843563194724941923e+01,-8.171716647507270892e+00,-9.431411365588832751e+00,-2.254738945527397576e+01,3.147191352594015612e+00,4.750544594269152654e+00,1.833692620725993905e+01,-2.298971255421503201e+01,3.452825269336335268e+00,1.583309444421489687e+01
-1.791311292422159696e-01,-3.273760874941078480e-02,-1.086096381443335979e+01,-4.713096070730155240e+00,5.872588317150249537e+00,1.744512111769626728e+01,9.565605804058943562e+00,1.593667885207180390e+01,-8.833852478648691431e+01,1.893000403787316941e+02,-6.006929257934714883e+01,7.111315786935733740e+01,-1.711766776634728870e+00,5.382853782811949372e+01,-5.789268925159164780e+01,-3.637722608667843360e+01,-1.537058046832057023e+01,1.064437481958813159e-01,-2.550612142694030027e+01,1.761896021931950429e+01,-4.262337701707663484e+01,-1.598506885346001605e+00,-2.214265644215100082e+01,3.008763089301720228e+01,-1.470930830218002328e+01
1.783109720232231465e+00,-9.426720711446868961e+00,2.495890682392415982e+01,1.814667155218425876e+01,-1.019066179687041718e+01,-2.671598888784204817e+01,-8.126420798278275015e+00,-2.461942855477565573e+01,2.072335808578742444e+01,-6.382673139700909815e+01,3.274001787888369108e+01,9.129233622119187430e+01,3.432410384154866279e+01,4.300174559840656485e+01,-5.886017219989992810e+01,1.310101673675384859e+01,2.263493371490862671e+01,1.553722639599315514e+01,8.221705012663119305e+01,-1.887942281842891035e+01,1.724558804411964275e+01,6.009870994971045377e+00,8.858694209579991252e+01,-3.334498411398976714e+01,-2.729317824487495159e+01
7.761255112661580302e-01,-2.746388253206633046e-01,-2.549844439948034669e+00,7.531671147064211702e-01,-2.827763409352186397e+00,1.554482909781443212e+01,-1.744686010905867235e+01,4.069758604677553571e-01,2.951419285694752315e+00,5.158954455704434228e-01,-1.125733242714735205e+01,2.160323311452570394e+01,1.619652448233876996e-01,8.456686158798996189e+01,-1.267679357421230009e+02,-2.449455775275652059e+01,-1.557372859106501473e+01,1.502116428101230028e+00,-2.008352953903717264e+00,1.267010068355133301e+00,-8.759401442862829512e+00,1.035752261640823235e+00,-2.454866764944647617e+00,3.664457218642383385e+00,-8.482942306103652186e+00
1.578436153887647908e+00,-7.893000196060251383e-01,-9.868716763426366612e+00,-4.795138175751183063e+00,-6.986360319888240689e+00,-1.521317269953090090e+01,5.265696950419163613e+01,8.155079041207539348e+00,1.390627760075416575e+01,-9.899284518646412678e+00,1.663636520076054737e+01,-4.750594399262830336e+00,7.737117563789857044e+00,-2.647459015000918114e+01,3.150811047330886794e+01,4.544869314813117001e+01,1.646305026018499973e+01,3.338635110390831606e+00,1.627827177466062381e+01,2.223698701956438040e+00,3.083629398509717845e+01,-2.283890980222051503e+00,2.166500741384093942e+01,3.602511354860580717e+00,5.986175543151301071e+01
-1.613596108176240662e+00,2.641781283228708865e+00,1.042763349827032116e+00,1.690563961338720222e+00,8.590509437224982392e+00,5.501279915502693685e-01,-6.042302031644931049e+01,-1.289195895344384946e+00,-4.894460451039748250e+00,1.645601947768816586e+01,6.188162563656811166e+00,-1.092563981929264827e+01,-1.639654091222993060e+01,-1.839148999202045331e+01,3.749816985681036385e+01,5.981848926312069992e+00,-1.457538254442795278e+00,1.070818054101106753e+01,1.603331075900306502e+01,-4.378920766490107752e+00,-1.265740596330837775e+01,1.127892310426254596e+01,1.566152347638651854e+01,-9.340325231277601503e+00,-4.208350795586463988e+01
-1.013268330498704906e+00,1.316139564229723558e+00,-4.010116319461810797e+00,-3.558587211004893280e-01,4.896430535197355383e+00,7.117771089192210354e+00,-3.050142337135911319e+01,2.346345671365795305e+00,-3.827807908642920864e+00,1.304240210873364170e+00,-1.056376855028324790e+00,-1.028004361914639730e+02,-1.747286032560440461e+01,-4.736794254407340077e+01,7.280006671856216371e+01,-2.739402687738152053e+01,-8.466595032833909684e+00,-5.736893959168445356e+00,1.254030160167110886e+01,4.538764836897777322e-01,-1.190494139349991798e+01,-1.017803601242395217e-01,7.614137353752186144e+00,-2.280453627141874495e+00,-3.439710269199923687e+01
-1.234622529047421535e+00,2.688957433248562179e+00,6.443713086776609700e+00,-4.164421054467814187e+00,4.021637138982645077e+00,-1.384514976212995663e+01,-3.342539726129167832e+00,-9.220196584112638760e-01,-1.517806258034299205e+01,3.482361841237862166e+01,2.729699148059823166e+00,1.087926537841952666e+02,-4.298673199161495706e-02,1.930461532380181211e+01,-1.606863173870068096e+01,5.885971425555140968e+00,1.166191229980413446e+01,-4.719155188936374756e+00,4.542747399051307866e+00,1.009381469047362367e+00,1.149697918267996499e+01,-2.273830911420227086e+00,3.554783686914930740e+00,7.475407901090486140e-01,6.737369092124041003e+00
-5.158259651400265433e-02,-9.464802121188942152e-02,-1.041925135220459175e+01,-9.793029670345021476e-01,7.650129005499767265e-01,1.655764385361828417e+01,1.218542658438249937e+01,9.604981764851737935e+00,-6.378178787672387884e+00,-5.054339593299950195e+00,-3.088451281332553933e+01,-1.122296388203502460e+02,-2.746334730176088534e+00,-1.773378870896786097e+01,-6.606602861648664948e+00,-1.555652897130869761e+01,-1.690319993194331616e+01,-4.469971815490749734e+00,-2.078880082305021304e+00,-7.045742880849146239e+00,-3.423127097689791754e+01,-3.426605270923040347e+00,-3.590760975169509095e+00,-6.082470033148169364e+00,-4.425873543145877420e+01
-3.731195427893835292e-01,4.906289742557111921e+00,1.436493876886184040e+01,-1.074208059802164250e+01,-3.294135240132727294e+00,-1.149886760008152109e+01,4.499435863455275353e+01,-8.932591541830259274e+00,9.927508498197621378e+00,-3.743942791210507437e+01,1.617052175162356775e+01,9.667987540271276714e+01,1.127467749760235805e+01,1.355534592818928274e+01,7.498710632628757367e+00,1.104300522357138448e+01,1.214013001978575446e+01,-6.430926452683767280e-01,-4.502750020565589750e+01,6.435601946856309041e+00,2.583017389280645659e+01,-3.880842398427558848e+00,-4.339004238145579251e+01,9.352032319675657845e+00,6.316585151531390352e+01
2.900310855592669323e-02,-1.454961975571398503e+00,-9.066978893542746221e+00,1.529193917762385890e+00,3.318471919386446256e+00,1.934162570952957516e-01,-6.692051679957133903e-01,6.779267479899716342e+00,7.034141761816957050e+00,1.892871255608434922e+01,-1.335902888171170275e+02,-4.174440743721210367e+01,-7.065360731038007991e+00,-1.826148222131863719e+01,1.045974041657269282e+01,-3.976070382979628448e+00,-3.387438043635834783e-01,5.519229472398345493e+00,9.106451444551341368e+00,-1.106139128060906529e+01,-4.604930157588859174e+01,4.678889192656789930e+00,8.793188699507918926e+00,-5.057625956844677972e+00,-4.897746883554260933e+01
-9.003540691683115105e-01,1.802941972346174371e+00,-6.669839262623913356e-01,-1.619119957237420415e+00,3.255920104197282061e+00,5.046928112939462530e+00,-8.446816806922171850e+01,1.888919976786006538e+00,4.524631406931703737e+00,8.735403244816147605e+00,1.365732466417543662e+02,5.867520054694598031e+01,5.104902701752418892e+00,-2.402306197455148506e+01,6.199533019146068114e+01,-7.971654126198188806e+00,-6.671644844799532237e+00,-3.090245704265429438e+00,-4.274382637207355451e+00,2.105507202487412144e+01,2.616847669843001611e+01,-2.943814425804756496e+00,-3.322804100722180909e+00,1.104947949535924323e+01,3.284504471710440043e+01
1.224486513900745477e+00,2.083205010211746089e+00,-5.065951398541503892e+00,4.236085102120911827e+00,-7.290601286172819329e+00,-1.202840565217770497e+01,6.459275529418651729e+01,-2.250422078670802151e+01,-4.555973457457633913e+01,9.616936494122700196e+01,8.078320488148357015e+00,6.196629276628158323e+01,2.128539722613434826e+00,8.917657859269313292e+01,-1.439481589275861779e+02,2.485897516427963083e+01,2.067813708281921237e+01,5.025790235278598139e+00,-2.739724653937085108e+01,2.573996157820005237e+01,-2.308626077714794178e+01,1.182544917074218560e+01,-2.823391655259266386e+01,3.413865224447734192e+01,1.424842978274221128e+00
2.130950580394758154e-01,2.799409565847323922e+00,8.132593463972465742e+00,3.977721134148898274e-01,-2.727253489061960856e+00,9.855497037247772596e+00,-7.340510240711743961e+01,6.405065451252767161e-01,1.313061027662442370e+02,-2.968039407806573990e+02,-1.128047700859724500e-01,-9.980511342701899480e+01,1.080669258013086242e+01,-4.491686188485081743e+01,7.276900476838248721e+01,-2.705341110206165922e+01,-2.070049937393340045e+01,-9.018906823550532081e+00,5.546643474783369498e+01,-7.340622253487747173e+01,1.078088427928539090e+02,-1.500920601567933055e+01,5.185240144775904270e+01,-7.974108574788030523e+01,3.964477478412266720e+01
-9.956416472337736856e-01,2.060506897786817948e-01,-1.120415081349056940e+01,-2.169075527539933379e+00,4.224759474311156282e+00,1.602426384582368302e+00,1.026642023803625534e+02,6.338326168860499266e+00,-7.778343428559847439e+01,1.629007160710860944e+02,-1.258486689882262510e+01,2.251834589956976629e+01,-3.717933429054149030e+01,7.067834384548727478e+00,2.663384675010775915e+00,1.111739655295693296e+01,-1.653002086082215882e+00,-2.567140197729540496e+00,-3.290044435119609290e+01,3.528858078727353131e+01,-6.508496539103823864e+01,2.058976517331569056e+00,-2.863182159506682822e+01,3.787744758053491267e+01,-2.623763206636122902e+01
-1.099767522025749122e-01,-1.315200758931812652e+00,8.186750746041349558e+00,2.148616231581832903e+00,-1.746721758176680295e+00,7.774077414089958005e+00,8.278404144274578158e+00,6.416705211364182482e+00,-6.618501806218110062e+01,1.165461521181270399e+02,5.751938388624537879e+00,-8.313062074575694460e-01,7.992658379961047999e+00,1.340098300570686796e+00,-4.744148475249764019e+00,4.162289737653634347e+01,-7.387882561779353097e+00,-7.731501726319509160e+00,1.695917760152204634e+00,-2.056665618694814013e-01,4.891486552869782400e+01,-6.542724774065602489e+00,2.943658102001676102e+00,-8.129841861910405143e+00,4.372122251511880364e+01
2.340872404973495802e-01,-2.007227619872814284e+00,-2.815063163075239849e+00,-3.145974460768361958e+00,1.060733984537678865e+00,-1.176897854298680102e+01,-2.473684733409832859e+01,-2.627641880888480497e+00,9.836447230565187283e+01,-1.774698997269599374e+02,3.990881450276435061e+01,3.300644775629347549e+01,1.711503369513487360e+00,1.211975399002684561e+01,-5.532854826316821573e+01,-1.696192321397762370e+01,9.454620740369588106e+00,3.292317280885237452e+00,1.318739714538155638e+00,-8.823456372440569240e+00,-2.002946533924576045e+01,1.796016506827495807e+00,-1.167696007633328037e+00,-2.175270221860869935e+00,-1.821176477620027256e+01
-2.534334989611067290e-01,-2.287421976353909425e+00,5.855246009253596284e+00,2.796959708662034583e+00,2.841889592334595704e+00,9.360013086969976470e+00,-3.240531340675421745e+01,1.732102453498203687e+00,-2.938855916072091645e+01,5.101630169291684780e+01,-4.813034266110026493e+01,1.398629789398703416e+01,4.926983723520521607e+00,-9.426568616860784289e+00,2.342176582722058242e+01,-7.642870871155316159e+00,-1.210842321073088890e+01,6.587212783134900107e+00,-1.045382139213025319e+01,1.194890758804177011e+01,-2.887527116795698134e+01,2.358194537009273617e+00,-1.044702764646789994e+01,1.286097113068870712e+01,-1.136921076622171256e+01
-3.504465873101009210e-01,-1.492143319569066984e-01,-4.491498750853464728e+00,3.189391057144045138e+00,2.317473009204993328e+00,-5.582237997304615895e+00,4.016165967474010756e+01,5.616398457785017229e+00,-3.637585421588205747e+01,6.549490604097309188e+01,-9.712743924911251270e+00,-3.615304267679961825e+00,-9.553717874528432574e+00,1.856526446080253301e-01,9.849155564125004148e+00,-1.005900574246122403e+01,8.059034909230318178e+00,-5.284984346452071158e+00,-1.036838368905061891e+01,-3.493880599791402197e+00,2.171506936118497322e+00,-4.141638153270417178e+00,-1.059516829668170423e+01,-6.107126798953263602e+00,-8.653719739671867472e+00
4.051703754316501871e-01,-2.562456472481236425e+00,5.397463676979293190e+00,1.509112850388197202e+00,-5.218882423087328748e-01,-7.821097828793379669e-01,6.382892598789446481e+00,1.052789880592184701e+00,9.021878822078418736e+00,-2.108734246579544447e+01,4.309391491020561737e+00,-1.315329832745486094e+01,5.246096180840183365e+00,-1.838664900433236582e+01,4.032728198973180156e+01,-8.301161753298355706e+00,3.083953953358478106e+00,6.098066752188735506e-01,-6.336960676950615934e+00,7.998506604468436976e+00,4.663781952908649053e+00,4.427980938461950622e-01,-6.479691145526078166e+00,1.044538657843522955e+01,9.635307955726105433e+00
-1.307609829694275638e-01,1.846120163816631632e-01,-8.709924068572743039e+00,6.232407743281515033e-01,2.653140112581841237e+00,-6.873498528495232129e+00,3.957510248414796195e+01,4.152843937560582788e+00,6.821217181616360037e+00,-1.222462359593099457e+01,-1.745322105387609213e+01,-2.478656426791715717e+01,-1.337006704554960734e+01,-2.825114689282128833e+00,-1.365513275334584442e+00,-2.453187418106263351e+01,6.780450685100793962e+00,5.492907587605009745e+00,-2.297350021067945391e+00,3.559478066783334782e+00,-4.410786220250601986e+01,-2.952343323191752855e-01,-2.696489989568187085e+00,3.283559046197598086e+00,-3.732265293887642343e+01
1.405043118113291856e+00,-4.231246235158938163e+00,1.265888805489796098e+01,4.154197721853674530e+00,-5.479633208226508678e+00,5.529446328187734849e+00,-4.452647450044328536e+01,-9.957451625224541303e+00,1.288394277660444009e+00,-9.852788486298436510e+00,2.903761875554835115e+01,-2.309395349291581967e-01,2.652743820054208612e+01,1.628864362303191760e+00,-2.210737186704542623e+01,2.729131891972596691e+01,-9.807465008372773241e-01,-3.757202754809849110e-01,2.402802331070901687e+01,-9.484791849587729473e+00,3.751628598072893794e+01,5.140711630689696499e+00,2.576952676299762146e+01,-9.189489406557434847e+00,2.367389764552247300e+01
-3.326783345175354789e-01,1.398194435453518514e+00,-6.599275876126960760e+00,-2.485065754330835208e+00,2.818529927644776389e+00,-9.390815534371421691e+00,-6.216383943233483755e+00,7.226482584251425756e-01,4.636381795585539578e+01,-7.873633853683526240e+01,-1.531586089660979866e+01,1.667297391815326435e+01,-2.908684934008728185e+00,1.546498194680771121e+01,-1.028333376111292630e+01,-5.997417081750474921e+01,9.105238181072392578e+00,3.754201096537722382e+00,-7.603705431160952877e+00,5.329350110002106788e+00,-3.816677251616287236e+01,2.850440574905517277e+00,-8.385754301707123659e+00,1.027475672402933782e+01,-3.241612464019669915e+01
8.125934977911736246e-01,-8.138836631958068502e-01,-3.668032813542019266e+00,3.002516728870940899e+00,-9.955177883123991212e-01,1.123754346342773580e+01,-1.504571982262969954e+01,-2.631066649665075641e+00,-1.795204349358347429e+01,3.312117019122785422e+01,2.444019380210872328e+01,6.698899893892362911e+01,1.638034524744321985e+01,7.818793526741309563e+01,-1.065776312838680582e+02,4.514489824025685039e+01,-1.570973599155021994e+01,7.236058369187500006e+00,1.708252584398236706e+01,-2.781138866095459505e+01,4.963309638991147210e+01,2.782385320803665074e+00,2.008686358903083047e+01,-3.114452214977816169e+01,8.101479880963132985e+00
1.213163228581226605e-01,-1.775907180955665243e+00,4.773574294462743950e+00,-1.912689712865872638e+00,-1.681382698131265174e+00,-7.260447595828306566e-02,1.036520932089515838e+02,1.043622476149735334e+01,-5.474555680021828152e+01,1.051528402214944435e+02,-1.026476636669559639e+01,-2.369955167571472998e+02,-3.051940993113099410e+01,-2.156979786082445116e+02,2.899149762490933995e+02,7.325739047246997870e+00,1.544993996133100289e+01,-1.161809236296157266e+01,-1.200858355204053041e+01,1.146161980741037922e+01,3.545666121938676696e+01,6.388736241512559033e+00,-1.068446039840568318e+01,1.040959407069862586e+01,4.071095631306774010e+01
7.966462313741179413e-01,3.362073196246628815e-01,-9.581056843160357772e+00,-4.606851766339319809e+00,-1.253072871419182999e+00,1.365440953947640423e+01,-2.360534728656558556e+01,-8.561293825139448810e-01,5.515906275261286851e+01,-9.342399568295662959e+01,-2.431689737666289375e+01,9.402666677442277887e+01,3.170516185601671921e+01,1.623145198122426791e+02,-2.543165066363413871e+02,2.443426246915374023e+01,-1.337543706188005999e+01,1.083504185226135519e+01,-2.823403376508302642e+01,4.552188042230911691e+01,-1.013465301246071704e+02,-1.818628723453414864e+00,-3.133340272059568932e+01,4.436875061383601349e+01,-7.064426167131435008e+00
8.383643318152822488e-01,-4.031199604937836689e+00,1.578785601963136109e+01,7.147063375608384561e+00,-8.255396645864301775e+00,-1.670980246042543271e+01,-5.764043785069509340e+01,-8.837086038213481487e+00,-1.269505936400807400e+01,3.478562068143639863e+01,2.642877288428786997e+01,5.439052179323633140e+01,-1.859662770632077056e+01,-3.882598310574454104e+01,9.964695510373672960e+01,-1.711280014035139629e+01,6.354021752891712005e+00,-7.807784689967927960e+00,3.172638212296893911e+01,-3.378470695789025058e+01,5.469208686398840058e+01,-8.654465544240720121e+00,3.123245861818293889e+01,-3.335973350415225980e+01,-9.171628735055406878e+00
3.267879455551114809e-01,-5.067111910935218066e-01,-1.274770338607391640e+00,-5.425725981610651782e-01,-8.748640619769298965e-01,6.241272926345722283e+00,-2.901880347743056365e+00,1.196162155520098525e+00,1.533636262119741911e+00,7.767533352613703590e-01,-6.633110583464866039e+00,-3.757974734577389597e+01,1.681579130442543857e+01,-3.595171459078834175e+01,5.592600718333136456e+01,-4.367556737803603539e+01,-6.178632576354415207e+00,1.433721899187583748e+00,1.063281316820835043e+00,-1.146605595896190044e+00,-6.608054185892314081e+00,1.353968049096222481e+00,1.010905817919811822e+00,1.925898001313594565e-01,-5.526169168624140760e+00
-6.160183067056368422e-01,9.637614082616663413e-01,-4.756163593233895703e+00,-1.917015491865475152e+00,3.093297959792253859e+00,-3.358503802322568177e+00,3.456155101557218945e+00,6.813758535503890990e+00,-9.267245744976833066e+00,1.707092016306708970e+01,1.753863215924906527e+01,1.908703225316008911e+01,-2.875827265678490008e+00,1.562436194668018530e+01,-2.142949458740957880e+01,5.194968238214323719e+01,3.214289137400918595e+00,-8.418205364308567473e-01,-2.847530797833106031e-02,7.498127963172200872e+00,3.338143292409078100e+01,-2.053634208434462760e-02,2.138882317218557261e-01,8.635597332858548469e+00,3.466086658959244460e+01
-1.053283050770029039e+00,1.977149317830905195e+00,9.781700349332161926e-01,-2.757688452085438779e+00,2.955814007194208948e+00,-3.470540073953513271e+00,-2.998630695756570219e+01,5.296174210083093303e-01,4.538019436453737399e+00,-1.465123550643645522e+01,-2.924367836989305580e+00,6.089455149865624861e+01,3.104126444569947907e+00,1.690827783823388586e+01,-2.745773433746984793e+01,-1.418940185986275537e+01,-1.217189224524819480e+00,4.128965717269498015e+00,4.990980209785922384e+00,-1.364414364145432046e+00,-1.070002519325647938e+00,-6.356382642623775725e-01,6.159183893204930982e+00,-3.062132040325244997e+00,-1.257241969592692854e+00
-5.909616023281893948e-01,1.177303308509023427e+00,-3.509110921344347211e+00,-8.124421933913162919e-01,3.074808355594524922e+00,2.725322554555812626e+00,5.137510964623266396e+00,5.790082238277792115e+00,-5.700320814282766158e+00,3.518413196366954043e+00,-6.679059866350534946e+00,-3.592201721021109506e+01,-8.610626196431679702e+00,-6.778359086278109125e+00,-7.415877750600130547e+00,7.463680016539626649e+00,-5.038094932500686296e-01,1.719106039604877401e+00,6.876803962328326136e+00,-4.122061843953041205e+00,-3.170693829653149720e+01,6.268375262643952617e+00,6.699520978566845031e+00,-4.953031013471242971e+00,-3.643964514887677097e+01
-8.961107490684067090e-01,2.460309361937913497e+00,3.746692550922292586e+00,-2.238817450068486536e+00,1.655757210521008549e+00,-3.121665876753517921e+00,1.420483930300204811e+00,-2.121120556019773229e+00,-4.896145646899982218e+00,4.623024183185286518e+00,-9.852656580784667995e+00,-2.988443056477648962e+00,-4.968849820643539417e+00,-9.965897243187571419e+00,3.626048277347641857e+01,-4.510163324508532412e+00,1.570404257887055843e+00,-2.026143790239929299e+00,4.149701185333558584e+00,-5.381255327376798903e+00,-1.519019191650561318e-01,-1.713286152073235646e+00,3.227641810822556856e+00,-4.907192180372433654e+00,-5.319305736187276423e+00
-2.340567810934890414e-01,2.519530816386794658e-01,-8.408213984832840993e+00,8.074229641666059720e-01,8.190948114439244865e-01,7.777617840078154821e+00,2.339389832097165822e+01,7.806409905578679087e+00,-1.127953956590383555e+01,1.662514034849759170e+01,-1.681075122838638691e+01,-4.048636670839628948e+01,-3.228088666289583575e+00,2.531526482028708003e+01,-8.334670966861590102e+01,-2.279146458762738359e+00,-6.211222669714470790e+00,-1.454138064460747115e+00,3.629061844202710052e+00,-2.766291676408581424e+00,-2.256379477106399634e+01,1.947802515346094276e+00,3.413502486776220923e+00,-3.386038577278255080e+00,-2.283448572482417660e+01
-5.362670392814544718e-01,4.296821848165834012e+00,1.355743078377534516e+01,-5.197218465412312582e+00,-2.558781333890323140e+00,-8.058441936391080418e+00,-3.126978603259887635e+00,-1.692069841759150606e+01,7.190405662028219069e+00,-3.461518600907420762e+01,2.332185910836599874e+01,3.732218392844968946e+01,8.095386015200675800e+00,3.094648363862575469e+00,4.276285683970911577e+01,5.859889963853788686e+00,7.210584870753244502e+00,-4.789356785057965027e+00,-2.154801020740477924e+01,6.974770073442488894e+00,2.914083966969187145e+01,-7.952459932316586766e+00,-2.177221267254238768e+01,7.007083185802127190e+00,3.714211627208774757e+01
2.180291056247418702e-01,-5.999094416059070900e-01,-7.100305393802861964e+00,1.851608778236977226e+00,1.475963930458737305e+00,9.489823791102514061e-01,-1.032806027814853200e+00,1.931644989723663164e-01,2.225556355460615521e+01,-1.307915990133840189e+01,-1.023360821592291359e+02,6.759570671921400375e+00,-4.570300430607662889e+00,4.216415818967563922e+01,-1.077925060043985184e+02,8.971517108559197595e+01,-6.332912925654484715e-01,6.630762928013853141e+00,4.681700652464597212e+00,-8.796873261125192300e+00,-3.705715020816013805e+01,8.319761643850176469e+00,3.900348217220212188e+00,-7.720099736209595775e-01,-4.193514189258409885e+01
-8.076949683948558834e-01,1.943981336550508088e+00,-5.609761004513876159e+00,5.345750639765965317e+00,2.572362973240568174e+00,1.994992040206715167e+00,4.234561606880794216e+01,7.350318993652602551e+00,-7.757868026211448864e+01,1.244930786766163777e+02,1.007052842581645251e+02,-4.341604196241785729e+01,-1.117960245138241859e+01,-2.106553874648322733e+01,4.995123928729833551e+01,-8.359983597927136145e+01,1.714897033521190384e+00,-1.121149323150778443e+01,-1.771729126807222698e+01,2.244072558878606571e+01,4.169445185492518391e+01,-1.258063111006322643e+01,-1.759894206720582588e+01,1.133789156116120722e+01,3.911594283236156855e+01
9.349065941772150001e-01,1.996025347289595020e+00,7.663212440114614665e+00,-6.205569501196137594e+00,-5.177144313222164840e+00,8.993685942703173453e-01,-8.558114945145135266e+01,-2.166397004257239089e+01,1.507779208489610028e+02,-2.646890999347969569e+02,9.123377661098004410e+00,-2.583483606885451778e+01,4.043038671938393946e+00,-1.681127105726849891e+01,1.622565276553752156e+01,3.057116846473491023e+00,-3.661116580164996748e+00,8.906425592701221916e+00,1.717227204953804076e+01,-2.296438316435879656e+01,-1.514937289189965952e+01,3.601352505745893939e+00,1.766390893235316639e+01,-1.774940311943110771e+01,4.368536724500927448e+00
-6.844438791408596900e-01,-1.560775751964205149e-01,-9.645589877314348470e+00,3.943913611198114566e+00,3.691904012423900205e+00,-3.198766495308201563e+00,5.992696450210326375e+00,8.795267392869936529e+00,-3.657654901720741236e+01,5.723353633696576992e+01,-7.761919086241221066e+00,-2.367552851858086171e+01,-2.803344437212283324e+00,-4.399309769424366579e+01,9.914300898177722843e+01,-2.777436734572614796e+01,5.185101501965941218e+00,-9.804139509682409326e+00,1.261789540928017317e+01,-7.978421614747066570e+00,2.174089859417469128e+01,-1.778655122128222743e+00,1.110126809165098294e+01,-1.055242173147184026e+01,-1.292717454619424444e+01
4.851166664086603575e-01,2.609968746500686887e+00,1.026660712359334759e+01,-6.679620391952633796e+00,-5.462841679257217642e+00,3.798601528908815972e+00,4.085926973271786267e+01,-3.541049872564798751e+00,-3.887817842587963213e+01,8.705991192380184884e+01,5.009411405707453468e+00,8.603786638806670339e+01,2.024247128407955287e+00,3.142437467877359225e+01,-7.096139156318605501e+01,1.944571139551135275e+01,-2.852790423767878281e+00,4.875908148935664599e+00,-1.284132581478972313e+01,1.639842497281996714e+01,-1.325080322028128421e+01,3.014689786729090049e+00,-1.076085106926367452e+01,1.737493766080607926e+01,8.271003775644189204e+00
-1.444903938840427782e-01,4.299377447768626404e-01,-1.275261622548371498e+00,3.049794741002598286e-01,8.436375604905310688e-01,2.166171838563878627e+00,1.050047725803290710e+01,7.306320442154381922e+00,-2.044124678546813456e+01,3.082454094360560859e+01,-8.479503792408884522e+00,-3.922602803279280348e+00,-2.300277109834838463e+00,-4.137910856387583269e-01,9.512378658023606937e-01,-6.829541242342862084e+00,-2.187624225006501444e+00,8.766064533955222338e-01,-1.073973124309462346e+00,2.621159294765484926e-01,-7.173585224347804434e+00,8.687356868810736099e-01,-1.195830111468456858e+00,1.293683594046896035e+00,-7.687989015684230765e+00
-3.532452178428055478e-01,-2.086170955723225529e+00,-9.159436761652717252e-01,1.246524658958345633e+00,2.573974988395942631e+00,-3.480059060902585877e+00,-1.600423488906069736e+01,-1.604429379197325201e-01,3.865535071476642326e+00,-3.744102796485777596e+00,1.510920940692699332e+01,2.095286212761983791e+01,5.655102794537270050e-01,-9.583378617884378059e+00,1.098660710711257771e+01,2.364217208500245704e+01,2.907563545381984582e+00,-4.597645366622439944e+00,-5.297751113585552618e-01,-5.625489143228488587e+00,1.873139709630757466e+01,-7.765965957747362758e+00,-1.088052663317045088e+00,-8.292529103366634402e+00,3.240422847608935086e+01
9.735994606587305977e-02,-1.474282766902316189e+00,3.374356753272528264e-01,4.731045527206841683e+00,-7.750200379523732863e-01,2.314955660062432585e+00,-3.473249252366080242e+01,-8.421843846352178531e+00,-1.516953723582341240e+01,2.642274000398947109e+01,-1.707082304793630101e+01,1.888924377547578359e+00,-1.732995929284811831e+00,9.151709066250646174e+00,-9.182812511991688353e+00,-7.632805685010282559e+00,3.493276775196095585e+00,-9.164300015725707738e+00,-7.212246707325098427e+00,-1.999207837782993602e+00,2.372161257940516421e+01,-2.892988654785377811e-02,-7.588088663851083382e+00,-3.051000653577283561e+00,7.904274162195292774e+00
3.284332775537773808e-02,-1.406734427924742903e+00,-3.575052783356098551e+00,-3.311366849318803096e-01,1.997097269076507864e+00,-1.385539269658963235e+00,3.095372343166260976e+01,9.429044464583025587e+00,1.706559725512353509e+01,-4.009180775614653669e+01,1.320946025081714659e+01,-7.385946048220475291e+00,-2.068612323003510056e+00,-7.610490155696016501e+00,1.173381937702678357e+01,-1.039025145481470247e+01,-1.112888637670522929e+00,6.552944351997780359e+00,-9.330873823638153652e+00,7.837083744399637730e+00,-3.921920955371119533e+01,1.848548941257824874e+00,-9.792516506714566304e+00,9.353661139244781708e+00,-2.738953458864983048e+01
5.332684323477273614e-01,-3.284050242181113521e+00,4.798371684002759707e+00,1.540817074602059300e+00,-4.402717542629881464e-01,1.081034812202280149e+00,2.310921861856816051e+01,2.300748624896954198e+00,-1.717862737161475195e+00,1.758596427424389219e+01,-9.099049960880520871e+00,-9.445917315126521885e+00,7.510177857494437781e+00,-2.043934395918918234e+00,4.926305944025243910e+00,-8.845488728086081665e+00,-1.218891641702080975e+00,2.855203909790563710e+00,-1.658856392112191269e+00,4.201814712233645110e+00,-7.397230319970871104e-01,3.052440600642416513e+00,-1.288619766125256305e+00,5.679327120004501239e+00,-1.363013295397905722e+00
-4.332358923240919868e-01,1.075312487533054001e-01,-8.612744815207427962e+00,1.233039190453243616e+00,3.874468006967846101e+00,1.128835130600129188e+00,4.095906019348266369e+01,1.571022561299550446e+01,3.137009077096275522e-01,-2.668481647369375764e+01,-3.483032839309957440e-01,-1.388693480009664150e+01,-9.253808402395767629e+00,-6.967089759107389924e+00,1.083064828190739881e+01,-1.409089329531647472e+01,-1.924100287733614412e+00,8.067423191654476966e-01,-7.006221972160379785e+00,6.794051070503745571e+00,-2.553117464818491555e+01,-2.096597611949896356e-01,-7.509179487967556632e+00,6.511817838964624627e+00,-2.073964377337452802e+01
1.339844977585303853e+00,-5.253034271853252335e+00,1.241658369859576005e+01,4.302495043552206688e+00,-3.988400292797880109e+00,6.676329775717637638e-02,-5.690946536050756777e+01,-2.554801943856381286e+01,1.016146565093639964e+01,1.479183330395670293e+00,9.277442671754869252e+00,1.493131652250164976e+01,1.669269260334522897e+01,1.570904305702728543e+01,-2.627387024198656462e+01,2.442236956199171516e+01,-8.261608506172707367e-01,3.645293677078518257e+00,2.408327027172008528e+01,-1.118886290872253753e+01,3.215412336765068346e+01,3.504217189262231358e+00,2.547313950336810962e+01,-1.151439777105570528e+01,2.020554186953975773e+01
-1.012350488409218263e+00,2.196274044642548162e+00,-7.746636640839126287e+00,-9.754952529445276577e-01,5.382846495198101877e+00,5.546889717064457770e+00,5.147356965365841752e+00,1.610556784058640289e+01,-1.366203968112468914e+01,1.610290539722520009e+01,-2.231848979875181271e+01,-1.589654607485160298e+01,-7.843780409376573282e+00,-2.352566436577212983e+01,5.297499736441382368e+01,-9.072946510229756711e+01,-5.304781869987693632e+00,2.664825958020083263e+00,-1.092387999086816386e+01,7.075106837265132675e+00,-4.224847751184004352e+01,4.007908776142244278e+00,-1.183864076697800272e+01,1.273769196133347492e+01,-4.057069045085442127e+01
1.144366518858491721e-01,-3.412920418902086084e+00,-8.066335931091064282e-01,-2.852157188173346736e+00,3.485971491810918366e+00,-3.682289817346180882e+01,5.563225885559722883e+01,6.172352933771767525e+00,2.020110394433583423e+01,-2.868573430441625405e+01,3.294362639384040392e+01,2.033272144609271948e+02,-6.341802103841391869e+00,5.416998367410000981e+01,-5.533988763254247090e+01,7.517156512301156113e+01,2.918576087176592893e+01,1.153028980561300187e+01,4.007434822239043015e+00,-9.331073072095477983e+00,6.182230258271879109e+00,5.906450864938960876e+00,7.613682532294739680e+00,-1.265010251617052717e+01,-1.034012586344384310e+01
2.516272422858964131e+00,-5.158855445526155936e-01,-7.102133026419429340e-01,4.249002163798524911e+00,-1.196972865318227619e+01,4.646165992406407952e+01,-2.953556440371756509e+01,-7.042496285217985097e+00,-2.785035332436454780e+01,4.551238521990541130e+01,-2.595857934698261715e+01,-2.009644315115424718e+02,2.872141657711240370e+01,-7.339901375018301621e+01,1.446273057317310418e+02,-1.196583213340331042e+01,-5.289274814203494657e+01,-4.057037582613975957e-01,-1.570403634536199355e-01,-2.657069808569556546e-02,5.869317214303070784e+01,-8.876970513606188717e+00,-1.637284306166497672e+00,6.102960852157970351e-01,5.147364467705185831e+01
1.249560031521051995e+00,-1.898118615537491838e+00,-2.819151647135953453e-01,4.422626332451085052e-01,-7.910138068108523157e+00,-1.164973527691833155e+01,5.357945551797707395e+01,-7.405505337726509651e+00,-3.621107369913323382e+00,3.868016735682667218e+01,4.231141842530902863e+00,4.455479102786726742e+01,-2.908594157594981411e+00,1.345404016043363526e+02,-3.423327540360958210e+02,3.839390055568395610e+01,1.872125221807830187e+01,1.856964886643968082e+00,-6.395796458797487816e+00,2.105301680451580992e+01,-2.273371876766582744e+01,-6.545206602247988226e-01,-5.699935247966388729e+00,2.185787179577802064e+01,2.727013827883810038e+01
-1.438196537736962100e+00,2.435163780817983792e-01,-7.993099493241424547e+00,1.485795136471010913e+00,6.507225492782399812e+00,-6.640269810058421207e+00,-8.828349370571916666e+01,1.694992649366860604e+01,3.649932416754116105e+01,-7.459730568365660019e+01,1.264401982867025431e+01,-4.143318029643634759e+01,8.257242035555756310e-01,-5.218472342623554994e+01,1.983807297750252303e+02,-1.321211580776861183e+01,1.599207900763452095e+01,-1.288099099854655449e+01,1.413389283098994831e+01,-1.628783412267757313e+01,-2.466024690646950734e+00,-5.217679987786988383e-01,1.226191943010921825e+01,-2.012056659260905889e+01,-2.935383020566858292e+01
-9.390149707179679117e-01,2.562412026516221797e+00,1.215658310149289179e+01,-1.305537711561849390e+00,6.277617317687333998e-01,-1.802988260510561602e+01,-4.214414857250226021e-01,-1.203854866943461133e+01,2.912974741249068078e+00,-2.063730902833221137e+01,7.045488446225509449e+01,4.746663930197770753e+01,-7.832835377807922939e+00,-1.364221217744377768e+01,-3.039127026662022857e+01,2.041630233618296586e+02,1.744694097272427413e+01,-1.409727946088614381e+01,-4.371962577919649817e+00,1.351900990095122879e+01,6.555538633970627416e+01,-1.416063950574933372e+01,-1.996990222754432498e+00,-1.271377812649106431e+00,6.972556616619712599e+01
-1.831786412542146802e-01,1.533002602616122534e+00,-1.079829505827204272e+00,-1.705770034948574931e+00,1.596035220442926450e+00,1.357032509133084375e+01,-1.910279059454721917e+01,2.989148423747617356e-01,-7.164453815261519587e+00,1.421252804195950858e+01,-6.793967583964011681e+01,-5.567326311731095601e+00,8.429005599476724342e-01,-1.909754896430055382e+01,3.743241779078852716e+01,-2.020035404806759800e+02,-1.942712358268596518e+01,1.021479829026419317e+01,5.861091125097159349e+00,-7.667944555130866036e+00,-3.294506088969982471e+01,6.901348009942054773e+00,3.890129058241669213e+00,7.473456791043881609e+00,-3.971133346995726043e+01
-3.791205567367328388e-01,2.236355458153854059e+00,1.239156820724508279e+00,-7.801798772794799053e-02,1.262521464989663222e-01,9.567151313420300340e+00,-1.339912016715943288e+01,-4.409152674789639903e+00,-1.963235562413734314e+00,-6.976781221362100105e+00,-6.250695845610736434e+00,-1.653225125426742181e+01,-8.123845004581142781e-01,2.410886702331892906e+01,-4.781163811919324758e+01,1.560006843806047705e+01,-1.063047464561122624e+01,1.076346388029067569e+00,5.687196471798353414e+00,-8.695699042793947342e-01,-9.803672938505512136e+00,1.789458452943805122e+00,6.305758080866395332e+00,-1.268256654955489671e+00,-6.548118022352866774e+00
-5.528919285426769914e-01,1.951405707327716343e-01,-4.248333487370128836e+00,-3.586567872887534314e+00,1.645322499069764577e+00,-4.020238231462191614e+00,2.760470303820346416e+01,1.011270556884222493e+01,-2.867054391633765409e+00,2.990309930585408615e+00,-1.190818009378584463e+01,-5.516914650889805927e+01,-1.055605343284426567e+01,-3.860763798398330238e+01,6.336704594172147154e+01,-1.381243399995958043e+01,7.977253265233907875e+00,-1.246964628629262606e+00,8.211831724651498021e+00,-2.789925902042615036e+00,-2.205520862968488771e+01,4.432352720425413395e+00,8.460524138676502659e+00,-3.745683515419860221e+00,-1.911088985046725597e+01
-5.353416452712816964e-01,3.272751942484215970e+00,6.779590903224065102e+00,-1.520343307015671552e+00,5.267908191454901967e-01,-6.231064111349363444e+00,-8.105592405616013352e-01,-9.324133619389055383e+00,-1.988473336120913615e+01,3.737162075655466253e+01,-1.479050920313781381e+00,1.232315660185310691e+01,-1.965088849038563623e+00,7.909453730732105114e+00,-1.377453562678520882e+01,1.976112526018702908e+01,1.204649159962090721e+01,-1.244781807496714876e+01,7.698552827394267162e-01,-2.443561313100982346e+00,3.475255125597692540e+01,-4.415373027658375804e+00,-9.332851011486531512e-01,-3.903330782701448953e+00,2.932115619198796708e+01
-2.100254125355840995e-01,-9.008342968194458233e-01,-1.075367580521204047e+01,-8.006116589097747038e-01,3.379703350610332446e+00,6.053817722877279373e+00,2.538196635276583635e+01,1.672261159182999890e+01,-6.732127293782772526e+00,9.897580704283170938e-01,-3.513019591972039279e+01,-3.185310173945045520e+01,-5.912205360345228478e+00,6.680068788531567936e-01,-1.024933296431756702e+01,-3.625708369069703707e+01,-7.097275240714870925e+00,1.857312814828426184e+01,5.156679742247185061e+00,-1.300477121917224288e+01,-8.717857196146067622e+01,1.642506173696001781e+01,6.272171453673147212e+00,-9.977174871712430004e+00,-9.639922888013276747e+01
3.324344183685398746e-01,5.001638571790519627e+00,1.542861147563731272e+01,-6.152155615580983117e+00,-5.215435191595052977e+00,1.154296340512004804e+00,-1.271605840218330208e+01,-2.125406026374647084e+01,-2.219392591537916459e-01,-1.695109207740707546e+01,4.197129563298439336e+01,5.626398103537255224e+01,1.682519314330080462e+01,-8.618529270144126286e-01,5.078031833715915155e+00,1.599220740003052477e+01,-2.322053805618603306e+00,-5.080913807006623983e+00,-2.284441788424971875e+01,1.107428552558019419e+01,5.223545040021530639e+01,-1.337163996440435554e+01,-2.371441859017406628e+01,1.072803058794209008e+01,6.169354634180086805e+01
-3.990061554952195610e-01,-2.266684642405721206e+00,-9.476053285684239214e+00,3.383126840504202537e+00,4.459258047447745454e+00,1.287993018935718492e+00,9.890019542644589379e+00,9.469887738187820148e+00,-2.316577834218961129e+01,7.891517480072545254e+01,-1.708026133739044781e+02,-1.694200518644358766e+01,-9.745365183295925604e+00,4.000860343562597343e+00,-4.930033126555549039e+00,-4.688726317791461184e+01,-4.965249284193681834e-01,7.806970150894594340e+00,1.153537863051885104e+01,-1.706143531910329258e+01,-5.029653762877005363e+01,1.150859267090112681e+01,1.040247246990292318e+01,-6.913218825433535386e+00,-5.912542657236405574e+01
2.193370857098739246e-01,1.486546880014727900e+00,-3.816902047849080049e-01,-2.244255902004814729e+00,-2.287169084159127674e+00,4.139395260836364887e-01,-1.100813769253842338e+02,-1.863775509937732622e+01,1.153907017222084050e+02,-1.847320927288752443e+02,1.664417988025796831e+02,4.515950744557834895e+01,8.319967780036924054e+00,2.545450337364949789e+01,-4.246399307208976381e+01,6.474404382439337269e+01,-3.167761753455750062e-01,-1.057179324784759977e+01,3.921998702832731887e+00,1.521248440684094660e+01,4.495007839436267005e+01,-1.461678961053949344e+01,6.476262192849553401e+00,-3.943355924785785227e-02,6.534351634669901898e+01
-5.183391030167524560e-01,8.729830901972229773e-01,-1.260940236250371882e+00,-7.303739561620370413e-01,3.783084390099068273e+00,-1.343142597955039541e+01,2.339552749729988079e+02,2.778281123706873146e+01,-1.558709486175098391e+02,2.244230101667359634e+02,-4.218329410265710955e+00,-9.073682884187786613e+01,-1.824969471296723711e+01,-6.277969716176606596e+01,1.033602828529633939e+02,-2.666489612693555955e+01,8.497302138178230990e+00,4.605920384676164048e+00,-1.000772552394457726e+00,2.063201320929800175e+01,-1.099670972572370431e+01,-8.995820664460817184e+00,-2.789409127013686707e-01,1.767521851195636273e+01,1.626961186760086520e+01
2.655611599133728129e-01,3.081634759661096901e+00,9.422262088623813980e-01,5.080301850446969247e+00,-8.827739203080053887e-01,1.922417617878555873e+01,-2.645965477351797404e+02,-2.970759268618979831e+01,1.461338693308837833e+02,-2.209119142007527898e+02,1.722735440012570507e+01,-6.505232232637112588e+00,7.774071739322836905e+00,4.267851141689636307e+01,-7.386130260434626393e+01,1.024189434082370376e+01,-3.365931532317945951e+00,-1.219889708766342729e+01,1.980385931983528991e+01,-5.519730676530386404e+01,3.147258535890545517e+01,2.562718175026505918e+01,1.356319115950214815e+01,-4.100204708821206623e+01,-7.406852478857612709e+01
7.488815657164366035e-01,1.260641329907088437e+00,-6.546450135087145128e-01,-7.611402233987144328e+00,-4.550204627117032885e+00,-7.127560154188699038e+00,1.349269915114576293e+02,1.738105079835581268e+00,-7.676251164739966271e+01,1.170905795906297158e+02,-6.793886571443977118e+00,6.922370425030459273e+01,-2.631103769735239961e+00,-1.405465849338448869e+00,2.570425720486467469e+01,-6.016365306199316088e+00,-3.577722758991812579e+00,1.029905464504370016e+01,-3.613566199146539759e+01,3.638029449011297345e+01,-1.362297277917049598e+01,-1.443798636276010683e+01,-3.194730438235009018e+01,3.000461454585456877e+01,5.336424654149438140e+01
5.748218847979214008e-02,-1.018803535275754069e+00,3.354384299084652632e+00,-6.274835460590832970e-01,-1.222170640363107630e+00,5.727202571360268113e-01,-3.570423577607497378e+01,5.418588096245297692e+00,3.307568963399940287e+01,-4.058679815673040281e+01,4.758772329104861143e+00,4.294493610929550620e+00,5.065668349838797546e+00,-5.387366799379039728e-02,-2.315406116309306483e+00,1.783132665341632972e+01,-6.009783991212311882e-01,-2.461491255272146628e+00,1.163913401482155052e+00,2.475842967193159216e-01,1.847171991569653571e+01,-3.200845452243382017e+00,1.411931626287980412e+00,-2.959376727488911563e+00,1.985286599237518601e+01
3.612637987281502872e-01,-1.391008568389945355e+00,-2.476724946548378159e-01,6.393605826942147630e+00,-1.294027853341281342e-01,-8.274912551397408222e+00,2.998675390798159412e+01,-1.318630366849551372e+00,-1.760817268278465519e+01,1.909738062172704076e+01,1.668570570946603659e-01,-5.726240055379943072e+00,-8.066024547152034430e+00,4.604794608488643348e+01,-1.290360389574405247e+02,2.594947845405304321e+01,1.704008970271730306e+01,-9.213258392740954150e+00,3.434003512987998663e-01,-9.720325405027507415e+00,2.863133288332571880e+01,4.299179431596567014e-01,1.080412236693579775e+00,-1.012606073976288634e+01,6.088238933801044084e+00
-1.254868872681058622e-02,-1.682756794585534843e+00,1.020109431834120839e-01,3.681843786004067809e+00,2.250820551174454565e+00,7.236161352998924379e+00,-8.281440007731859509e+00,4.377134060771258106e+00,-1.341890065344455429e+01,2.256794726494467795e+01,-8.285407957626603093e+00,-1.124858883265345533e+01,-3.104847425293158825e+00,-3.904285691000444203e+00,7.477115506632046049e+00,-1.423162793436885565e+01,-1.191832618942733291e+01,8.845117782285313979e+00,-4.000506200736881013e+00,8.076738538604448792e+00,-3.147375273765150183e+01,-1.009012015075367197e+00,-4.582397470898563085e+00,9.717306955797546664e+00,-1.311461638207528324e+01
3.500416089737018455e-01,-1.725529648137852368e+00,-1.140546546536718608e+00,1.599595448264508502e+00,4.102870114484797881e-01,-1.723976337892718647e+00,2.189269371994221558e+01,1.037566399002964879e-01,4.412131259321001586e+00,-1.689290937319117347e+01,2.210777070276265022e+00,2.149168262380083405e+00,-5.406452499484348806e-02,-9.888400911851364938e+00,2.627952750548333327e+01,-1.186382678601311369e+01,-1.570135419285707545e+00,4.238324937260796510e+00,-3.505977649145963770e+00,3.131074418165121998e+00,-1.561637635171312155e+01,2.288339127507302617e+00,-3.768541519942197660e+00,3.691260455008393837e+00,-1.701177079657392710e+01
5.487666521446493695e-01,-2.038766598428998211e+00,2.317434634455821374e-01,6.819888250472985192e-01,-5.882841207071445311e-01,-1.912648652344486777e+00,2.916787715247391688e+01,6.280131851661010955e+00,4.378431233119059129e+00,5.025883175480259979e+00,-6.210789103954425627e+00,3.677857283138541433e-01,4.762778429177465078e+00,-1.512386836830037495e+01,3.623584344621939124e+01,-1.004559472959244282e+01,-4.321115826141385341e+00,7.771968477969576128e+00,-1.602047112018256669e+00,5.529770236100715053e+00,-1.975499477222497546e+01,2.406903989006089262e+00,-1.731869919752518916e+00,6.662778138518936188e+00,-1.210603052289310000e+01
8.288781344022888575e-01,-1.519690410525278423e+00,-2.396549183397280736e+00,-6.083808885041116499e-01,-2.012550735399869506e+00,-6.269191905042587720e+00,-1.795247043429007761e+01,-9.911843605081539721e+00,4.764229675501393757e+01,-9.760448370465853429e+01,1.096937975114580865e+01,1.224737159749450832e+01,8.163666500874086296e+00,-8.024938771038371499e+00,2.192581385080522693e+01,-3.569189712133770342e+00,4.014497070860826966e+00,4.700408332212009377e+00,1.140620890652610520e-01,4.515427416042345321e+00,-2.000531681637230008e+01,6.072710924978405700e+00,7.777250145936642767e-01,6.695876647530729642e+00,-1.538377949364102548e+01
-7.630210757298827584e-01,3.599024541136108812e-02,-7.985996765483996285e+00,2.173163698274879763e-01,4.273319206493037647e+00,7.985307270949147274e+00,-2.248989491802719343e+01,8.399555023951519317e+00,-3.966103382630038965e+01,1.033391183627135490e+02,-5.451822736173795647e+00,1.443602197587871672e+00,-2.840563207584462457e+00,-1.340604498285364166e+01,2.684025017702895255e+01,-1.810737934729898413e+00,-5.145027525860458084e+00,-1.512352773070575829e+01,7.829395246255546503e+00,-1.160221041326628288e+01,3.959287145833278032e+01,-6.383940131885006863e+00,7.122397004466091808e+00,-1.359619980446891319e+01,3.179868769712645360e+01
7.225640612675598984e-01,-5.025295730171684960e-01,2.620346867280817005e+00,2.244674975587815369e-01,-3.733913004492500853e+00,-9.727464557109721355e+00,-2.424258886470023810e+01,-1.368376821417752254e+01,6.556165091838371950e+01,-1.388814059888811698e+02,1.442322427040932382e+02,1.797931814575701281e+01,5.062854002804249021e+00,3.247089199303844254e+01,-3.875691369867743674e+01,4.084415709568677499e+01,9.822901984338651360e+00,-1.612850933032667911e+00,1.112230543173464259e+00,-4.308709551552158956e-01,1.741601078738802144e+01,-1.276271466880863903e+00,1.340207852184784221e+00,-2.387159749630281436e+00,1.698402744153531430e+01
2.200102599514964563e+00,-1.694913415332081064e+00,-8.206026983070058733e+00,-4.411582702223117103e+00,-7.206605655134676880e+00,2.222904606613941425e+01,1.476581075049826666e+02,2.268555430712920540e+01,2.173485331769935414e+00,9.583645975886128099e+00,-1.291181852373643437e+02,-9.976742953223269694e+01,1.793228438865087426e+01,1.053456653614789573e+01,-4.693146993902628594e+01,7.278455573432109915e+00,-3.694393843595259597e+01,2.327205486644373167e+01,2.211161305358782769e+01,-1.663103558656699121e+01,-4.923829256150903433e+01,1.699551577101026112e+01,2.219946046994425615e+01,-4.029455867393515689e+00,-4.839589507527342960e+01
-5.398076420796438235e-01,8.324000052903576252e-01,-1.535066513528611232e+00,7.833708792166476087e+00,1.185698063564943894e+00,-1.576834074860456525e+01,-6.179002513659387574e+01,1.491854429966578799e+01,-1.568301113817011760e+01,4.130420982830537469e+01,-4.969164252744167953e+01,2.137018122994136959e+01,-1.410572324085980433e+01,3.599484568792119532e+00,4.417095843474248795e+01,1.486343939616017629e+01,2.482241666762332954e+01,-1.818752589551530008e+01,-2.661143509116275752e+01,2.463750048885787081e+01,8.367993187103590458e+01,-1.045467265766984433e+01,-2.690548520566792945e+01,1.674957661495509953e+01,7.923761397658164185e+01
-1.527394608092561556e+00,1.112646819344635496e+00,-8.224767265659197690e+00,4.736598629643120617e+00,7.154679198849954069e+00,1.150989206661855668e+01,-1.270228187067722700e+02,-7.482717632105834582e+01,2.716697929853237881e+01,-8.306052324915422957e+01,4.636881373248411364e+01,-7.428380908462983712e+00,-3.056882807414257996e+01,1.505560989437665143e+01,-9.634647028997704865e+01,-7.560256379431162799e+00,-9.320940431046031094e+00,6.837389962740139104e+00,-7.171577466946576607e+00,-3.576132730485526601e+00,-9.091933516321419972e+01,6.158996489286560738e+00,-7.873975003448916432e+00,-1.320876968667817897e+00,-8.527262136423958339e+01
-1.392707331247982072e+00,-1.600143684593363647e+00,-6.546660602433349574e+00,-2.356078300491454058e+00,4.756783335422076320e+00,-1.302080967982714910e+01,6.298057830938277135e+01,5.505097718228108761e+01,-7.120427034008048395e+01,1.544383548394760908e+02,-1.088259973058802643e+01,6.152281019839275444e+01,2.495116389818671010e+01,-5.163931614414018156e+01,1.366374457057783616e+02,-5.424155881465935636e+01,1.175844583620222572e+01,-1.007384454960783060e+01,1.142610182811324293e+01,-3.969785208137817101e+00,3.932547415210851938e+01,-1.111529044433551583e+01,1.238681890119490170e+01,-9.012931587818274082e+00,3.749753192315864680e+01
-1.689525350982767904e-02,-2.741506779339347721e-02,-2.413813014800458845e-01,2.203187519663918348e-01,2.227636013130701587e-01,-3.238354947765453851e-01,3.654856900350776372e-01,6.624635066951933826e-02,1.773028718513880442e-01,-1.079138078111566701e+00,8.145033428311082568e-01,-1.436714308553131048e+01,-1.225158897562001137e+01,4.510373341463785124e+01,-1.058960838831301743e+02,2.262776793439936398e+02,3.499439682248920436e-01,2.064699263642408300e-01,3.173515694062845061e-01,-4.865026806561378869e-01,-1.260351532469634162e+00,3.577412054357181903e-01,2.997475733739311532e-01,-1.469707278193147504e-01,-1.794386664647065643e+00
-5.270584831293223527e-01,-7.839975378423998942e-01,-9.217846502592905722e+00,-9.722121247897749896e+00,-8.063660129174854418e-01,3.920687263302466974e+00,1.309322933325930194e+01,5.952746333150638058e+00,9.251535163723850985e+01,-2.697642802633565680e+02,8.401461073148732339e+01,-1.016376674723278839e+01,1.110246046622098604e+01,4.188838183405794169e+00,-1.608110325976918276e+01,-2.611544490353521724e+02,-1.519795245828199803e+01,-2.021793163338604060e+01,-1.280860002385806240e+01,2.591328898765165079e+01,1.027682998160244949e+02,-3.586014167896610871e+01,-1.548123368442276160e+01,2.048887785871043832e+01,1.444821040221852968e+02
-4.098925741362424713e-01,5.185944393177233103e-01,-7.984799311014851853e+00,-2.486046735663461682e+00,3.730887877545892461e+00,-3.231110731291096272e+00,3.396050536962867739e+01,2.500401467785701826e+01,-3.596260941591283711e+01,4.665445603401519037e+01,-2.355090288010087463e+01,6.181307027314089098e+00,6.968921858362378430e+00,-1.710996694546080832e+00,-6.254168514122966371e+00,-2.417631752628903996e+01,-7.012392240376696506e+00,-3.641940636773020046e+00,1.247365830868498726e+00,-4.104181316019217540e+00,3.484836365942527436e+00,-4.736271617197091999e+00,3.278265870066829901e+00,-2.535195804906660300e+00,-6.689008072453930254e+00
2.183577579748217978e+00,8.167054359913422656e-01,-9.587025860499602814e+00,1.941559287126777278e+00,-5.491140691443739286e+00,9.548120752009699785e+00,1.385603913882480498e+00,-1.302623896700933592e+01,-1.612082527327764581e+01,1.218344345682993435e+01,-1.628308553909675993e+01,-2.910534576869931556e+01,-1.430554770642082918e+00,1.278183160792822903e+01,-2.530453739195351659e+01,9.577943341578594172e+00,-1.446686253872104366e+01,8.608247755258446432e+00,8.180478189412488277e+00,-2.299399147496454532e+01,-3.349319728791529371e+01,1.909930185360055788e+01,6.854764747984836148e+00,-1.604289221633538887e+01,-7.072625374786481700e+01
1.345509726533977712e+00,1.308921982758930180e-01,-9.333387622927356020e+00,2.250040323656235519e-01,-4.017151694509522919e+00,-7.418244288042108892e+00,1.076773707575238603e+01,-1.780127374697424614e+01,-1.510072361024530352e+00,2.296604139582182569e+01,-1.168842687044769235e+01,7.389291696358775141e+00,-1.624287273146450161e+00,6.757611719476397383e+00,-1.168012125854147598e+00,3.268510476438370915e+01,3.193601525477856029e+00,5.663712523003027854e+00,3.035398033499197012e+00,-3.853313688524622194e+00,-1.791190448844709238e+01,9.813187705025162799e+00,1.396893147630843268e+00,-1.551977096158493996e+00,-2.852642743898034183e+01
5.504648729745764690e-01,-2.325299029997505984e-01,-9.404573196450787265e+00,-8.220294157794008072e-01,-1.263553596099266096e+00,3.470105509822810852e+00,-1.574400263195752103e-01,-9.045518087200523638e+00,7.721473055477776626e+00,3.310886468934359783e+01,-3.837557548837836663e+01,-1.279523683729097527e+01,-7.732166885985284921e+01,-3.150426978005097567e+01,-3.007051031603287683e+01,4.491582830180617769e+00,-6.195453594887290194e-01,8.532544408979148898e+00,-1.763567380913841354e-01,3.770610989884425557e+00,-4.225669659381241416e+01,1.382233533983706764e+01,-9.503360051407039322e-01,-1.624710266831912442e+00,-3.301919608781668103e+01
