0.000000000000000000e+00,0.000000000000000000e+00,0.000000000000000000e+00,0.000000000000000000e+00,0.000000000000000000e+00,0.000000000000000000e+00,1.000000000000000000e+00,0.000000000000000000e+00,0.000000000000000000e+00,0.000000000000000000e+00,0.000000000000000000e+00,0.000000000000000000e+00,0.000000000000000000e+00,0.000000000000000000e+00,0.000000000000000000e+00,0.000000000000000000e+00,0.000000000000000000e+00,0.000000000000000000e+00,0.000000000000000000e+00,0.000000000000000000e+00,0.000000000000000000e+00,0.000000000000000000e+00,0.000000000000000000e+00,0.000000000000000000e+00,0.000000000000000000e+00,0.000000000000000000e+00
1.094169364218269824e-02,4.083747108149893106e-03,3.073673080446183425e-03,1.175946030985791819e-02,-1.170900283043800963e-02,-1.079096197814680830e-02,9.998040655476071459e-01,8.434493675574414873e-01,-7.448536419209836335e-02,-1.169707885387515772e-01,8.600597726358910622e-02,4.630362113391083834e-01,-4.994007426602046773e-01,-8.235854004510835200e-03,2.838858751579690157e-02,-1.273811267100871669e-01,-1.208235770130704906e-01,1.854362770660097220e-02,4.949767360795635784e-02,2.897062269911303972e-03,-1.690921167398062586e-01,-9.220852365256497485e-02,9.357309191375298707e-02,5.453828196103011061e-02,-1.113755177047141554e-01,-3.988678058021556394e-01
6.034264080803521980e-03,8.166056250729667593e-03,-1.535284524399984848e-02,2.496845278516328370e-02,1.171593475329749372e-03,9.598661004766588511e-02,9.950687284935654242e-01,6.234682561219919705e-01,-2.453185097385226776e-01,-9.296585325490545892e-02,3.026769744797205286e-01,7.210872703209052492e-01,-6.781029079579421470e-01,-3.709947078605881771e-02,1.676420549939011961e-01,-6.042290378233851067e-01,-2.651898541588174063e-01,-3.096932111727612735e-01,9.998832361457947460e-02,1.295385887608114031e-02,-1.900711067957945311e-01,-5.633042858181357415e-01,6.242138344638757663e-02,1.205795661184685119e-01,-1.027972814465169665e-01,-5.467259184081654233e-01
6.913648216250578744e-03,1.703614066503639918e-02,-3.623024876525754445e-02,7.291903777055706859e-02,-2.059712138947969798e-02,-7.697011329078348729e-02,9.941499756983787073e-01,1.946163911166313598e+00,-1.283111332356966505e-01,1.750086684797484415e-01,-2.171103819324883277e-01,1.083233524018898386e+00,-3.480686220732137071e-01,-1.570200643604457158e-01,-1.335355473504363510e-01,5.501298389852971038e-02,-1.715012004964600878e-01,-4.368018610105672828e-02,-7.121803991025114910e-02,2.980624355646457890e-01,-3.584479601163727547e-01,5.105701027219441412e-01,-3.327871228794719582e-02,5.114139607295293821e-01,-4.103591592789704867e-01,5.670802453376713181e-01
-4.050872777925199585e-03,3.676206902754818387e-03,-1.024223491115569262e-01,9.250847401729354880e-02,1.914721955111440763e-02,4.470663658851709889e-03,9.955177443847511576e-01,7.780914229787259107e-01,-1.575194909953062661e-01,-4.254179841830302289e-02,-1.578552841210456581e-02,1.490917758195958065e+00,-3.697175817375317197e-01,-1.877292189448541149e-01,-1.986549343303726234e-01,-8.878750592740125569e-03,-6.242794240824537377e-01,-3.189004192257242631e-01,1.601701161395819306e-01,7.792148938987746298e-01,-3.705746442399907581e-01,-2.175669526508264839e-01,4.053562352606988606e-01,1.041072772098592614e+00,-2.363978601034833482e-01,-1.980247663547629600e-02
-1.502624266353973573e-02,4.789007526758391753e-02,-8.148520297473246798e-03,9.295911234817494373e-02,3.530790745032439532e-02,3.329206854608654162e-03,9.950381256437553779e-01,7.916743155909731211e-01,-2.617363781870551964e-03,-2.357836437493373016e-01,5.991418083932972816e-02,1.489796533560577174e+00,-3.970518130822925373e-01,-2.256838288815706250e-01,-2.158495478527563127e-01,-4.550551488659369814e-02,-6.253181385331647579e-01,-3.004998243441111550e-01,1.748071367930861819e-01,7.751040520096608155e-01,-3.710383565642867976e-01,-2.156913391018667747e-01,4.025243083108108744e-01,1.062854486111506347e+00,-2.372036769176136539e-01,-1.880596406930512554e-02
-1.502624266353973573e-02,4.789007526758391753e-02,-8.148520297473246798e-03,9.295911234817494373e-02,3.530790745032439532e-02,3.329206854608654162e-03,9.950381256437553779e-01,7.916743155909731211e-01,-2.617363781870551964e-03,-2.357836437493373016e-01,5.991418083932972816e-02,1.489796533560577174e+00,-3.970518130822925373e-01,-2.256838288815706250e-01,-2.158495478527563127e-01,-4.550551488659369814e-02,-6.253181385331647579e-01,-3.004998243441111550e-01,1.748071367930861819e-01,7.751040520096608155e-01,-3.710383565642867976e-01,-2.156913391018667747e-01,4.025243083108108744e-01,1.062854486111506347e+00,-2.372036769176136539e-01,-1.880596406930512554e-02
-3.619918021099977762e-02,1.134811606749146773e-01,1.489973731122171477e-02,7.108755230948729520e-02,4.662972444218792256e-02,1.103747967292421917e-02,9.963184243742364554e-01,7.493198684875528315e-01,-5.655130505165571753e-02,-2.173795059053209022e-01,8.595238440767317967e-02,1.411848241400373460e+00,6.808340696179571161e-02,-4.744992167186014576e-01,5.390286556418891761e-01,-1.671117028037557128e+00,-6.471145530649241584e-01,-3.600269818221641382e-01,2.781663293588246266e-01,7.568399682851124632e-01,-4.930935316050635286e-01,-6.230893052036790003e-01,3.334231136470161561e-01,1.060816149779666873e+00,-1.881508281376579605e-01,-4.465027059305113344e-01
-5.765465067934302801e-02,1.668619117362012683e-01,3.544176959278683148e-02,5.022598195094596374e-02,6.199304419670077088e-02,2.490304434500173469e-02,9.965009039587671147e-01,6.316870528484131997e-01,-1.015386060149384706e-01,-3.244828791098083309e-01,8.213572327149941399e-02,1.354852623840713921e+00,1.737580640335814608e-01,-7.652052864493439355e-01,7.471982133637757872e-01,-2.353100342222670616e+00,-3.388645078332192528e-01,-5.017790101154595561e-01,4.598800381489134281e-01,5.721102704792704330e-01,-6.950643489237966488e-01,-1.039467373546241635e+00,3.953086659852096951e-01,9.695701551190022416e-01,-8.135335860176463874e-02,-8.871626067343866273e-01
-7.247008993521968090e-02,2.210657270673278274e-01,4.300464855765630257e-02,3.044475864674707141e-02,6.458776382383021875e-02,5.058967300996506516e-03,9.974346817135575360e-01,8.797560273931503971e-01,-1.596471654421363073e-01,-2.708956791824788102e-01,1.341780530389002357e-01,1.348543713349966700e+00,2.830363159519040384e-01,-1.265838141053156729e+00,8.220467242144887665e-01,-2.334364806071345111e+00,-2.376523264147941961e-01,-6.774645626881523608e-01,6.808718504018125284e-01,1.578512228294142727e-01,-1.013744054918510606e+00,-1.159341983479659888e+00,2.567789032696212725e-01,7.668475026201442279e-01,-1.122085113433741316e-01,-1.109499252250061074e+00
-9.743701183861809556e-02,2.707254843489498297e-01,5.927168389095134604e-02,2.204870703208145627e-03,7.855647166983606433e-02,8.652043135491137293e-03,9.968696812791277839e-01,8.241784482432742420e-01,-1.981155330359325173e-01,-4.121868304102684899e-01,1.370748162172225615e-01,1.474273647501214368e+00,5.482240797266632049e-01,-1.576029694838960271e+00,9.113030680939928629e-01,-1.809297804940542820e+00,2.366441279884609616e-02,-8.801925934309489108e-01,7.843938801450234255e-01,-3.286901336820836073e-01,-1.117111581476471827e+00,-7.816377518351623754e-01,-2.379964789387891688e-01,2.940210840253184577e-01,-2.218206413878138217e-01,-8.277782939361543191e-01
-1.172498536522058876e-01,3.232845819923604314e-01,5.666176544515848235e-02,-1.554282320379715698e-02,7.437831076130198282e-02,2.061183702092906495e-02,9.968959021431340606e-01,9.917186543966394208e-01,-2.866177597561151424e-01,-3.267195691038450311e-01,2.437914994777100608e-01,1.374892041554174549e+00,6.403037357895248194e-01,-1.657398024902726252e+00,8.535074264642941166e-01,-1.322410079007227512e+00,6.936652244034544057e-02,-1.040755799681057248e+00,5.895757774004244389e-01,-6.586514817961894863e-01,-1.067547235717903220e+00,-4.027226027522586849e-01,-4.916112455744935938e-01,-2.675943269759599730e-01,2.148002647319995906e-01,1.867464805016095797e-01
-1.379560258580263821e-01,3.611582921391603418e-01,3.810811493438795439e-02,-2.704709225850184060e-03,7.129699123726213061e-02,8.747533372330852652e-02,9.936083179897968742e-01,1.021683257576923909e+00,-3.140665241993028656e-01,-3.818614861181763853e-01,2.295127838182756119e-01,1.390216083645852141e+00,5.865382362417190798e-01,-1.678828205215523006e+00,9.023102948348867836e-01,-1.290528289248373150e+00,7.190963586948842523e-02,-1.054174841059082990e+00,5.939359748060966115e-01,-5.908607461671033789e-01,-1.060478251523496507e+00,-3.991198032767583892e-01,-4.554978026796793200e-01,-2.252844770561559518e-01,2.226856079973397740e-01,1.844680019436758522e-01
-1.379560258580263821e-01,3.611582921391603418e-01,3.810811493438795439e-02,-2.704709225850184060e-03,7.129699123726213061e-02,8.747533372330852652e-02,9.936083179897968742e-01,1.021683257576923909e+00,-3.140665241993028656e-01,-3.818614861181763853e-01,2.295127838182756119e-01,1.390216083645852141e+00,5.865382362417190798e-01,-1.678828205215523006e+00,9.023102948348867836e-01,-1.290528289248373150e+00,7.190963586948842523e-02,-1.054174841059082990e+00,5.939359748060966115e-01,-5.908607461671033789e-01,-1.060478251523496507e+00,-3.991198032767583892e-01,-4.554978026796793200e-01,-2.252844770561559518e-01,2.226856079973397740e-01,1.844680019436758522e-01
-1.366313860266527569e-01,3.846645738622900823e-01,-1.541461035324472040e-02,-6.746686922524476604e-02,2.945792312348641251e-02,2.199319212859909486e-02,9.970440069636791192e-01,1.278744855218701737e+00,-1.985735512391582080e-01,-8.267011287719546742e-01,1.093396411055659101e+00,1.427064232671761967e+00,1.645911843550894815e+00,-1.615219966973435728e+00,1.668166108029921713e+00,-1.058131992896977902e+00,-4.326249528221601248e-02,-6.084728551362209581e-01,6.827349351017993895e-01,-7.381771095725149223e-01,-9.633533196176439217e-01,1.321887636593033766e-01,-3.162467608747571712e-01,-3.330851588856002521e-01,9.538529717726676460e-02,5.193748157560524881e-01
-1.248285508955429141e-01,4.247294208066973997e-01,-8.350289000866081834e-02,-6.292152061283397269e-02,-5.094431168030005841e-02,-4.500343129025272115e-02,9.957008840627252777e-01,1.875579496738293050e+00,-1.962456590885283403e-01,-3.159131953893523637e-01,-1.123030148040471410e-02,8.560397690928299719e-01,1.996530031408059180e+00,-1.419715011215373579e+00,1.981470134622519641e+00,-1.113166654828093405e+00,2.318853128185377754e-01,-1.811041660490343430e-01,1.327059563040120516e-01,-5.784654995125064758e-01,-9.642835813106527265e-01,-2.781192207357680024e-02,-1.985492460187198438e-01,-3.976674034862939244e-01,-2.496102402095322359e-01,4.336359917664743824e-01
-1.216105566430117080e-01,4.765034193470131796e-01,-2.182796450811052835e-01,-8.588462428558284179e-02,-9.127607208184211618e-02,2.926858438644634394e-02,9.916833466105237083e-01,1.874370459515578791e+00,-1.911062172330588727e-01,-4.062745218916650192e-01,-4.535177853599803299e-03,4.037524849943047722e-01,1.917980210436627697e+00,-1.379092714284583021e+00,1.789545030093467881e+00,-4.586430849579790081e-01,3.294687123781852578e-01,7.046397780039848069e-02,7.162745978661174684e-01,-2.037635182800316969e+00,1.852432808761761418e-01,1.074661343165692617e+00,-7.766349714335520071e-02,-1.685291907598437833e+00,4.705761171865058268e-01,1.021579078965103804e+00
-1.076020044093141670e-01,4.000701840084552874e-01,-1.843169419611645488e-02,-2.566339259716441529e-02,-7.397967221263807014e-02,5.958357402342591425e-02,9.951473238100524421e-01,1.836140091320031198e+00,-1.763761270430845574e-01,-2.707642870311319228e-01,9.504903311998461057e-02,4.038380525508443175e-01,1.904926062134648213e+00,-1.383057716107358281e+00,1.783407758157736778e+00,-4.840110548842281313e-01,3.179591902911806933e-01,2.958275949836386420e-03,6.661257287782313963e-01,-2.042757478863872933e+00,1.981684144781632462e-01,1.080557627331500292e+00,-6.245791732193246848e-02,-1.725829517020794457e+00,4.709894145934937493e-01,1.023443592382122125e+00
-1.076020044093141670e-01,4.000701840084552874e-01,-1.843169419611645488e-02,-2.566339259716441529e-02,-7.397967221263807014e-02,5.958357402342591425e-02,9.951473238100524421e-01,1.836140091320031198e+00,-1.763761270430845574e-01,-2.707642870311319228e-01,9.504903311998461057e-02,4.038380525508443175e-01,1.904926062134648213e+00,-1.383057716107358281e+00,1.783407758157736778e+00,-4.840110548842281313e-01,3.179591902911806933e-01,2.958275949836386420e-03,6.661257287782313963e-01,-2.042757478863872933e+00,1.981684144781632462e-01,1.080557627331500292e+00,-6.245791732193246848e-02,-1.725829517020794457e+00,4.709894145934937493e-01,1.023443592382122125e+00
-1.166507026668386626e-01,3.222090063596502740e-01,1.727285813293787387e-01,8.015280828861551937e-03,-6.942582261814400635e-02,-1.735438261822684902e-01,9.823432958090806411e-01,2.862924615470939571e+00,-2.684203736891874748e-01,-7.171016668761061030e-01,1.612345503634801114e+00,-7.122667525664011512e-02,1.988239289175679492e+00,-1.247636260571224120e+00,9.897926233101691507e-01,2.367024651694550341e-01,3.184942614754331380e-01,4.619486538102100526e-01,4.464803864515628495e-01,-1.955183404790195478e+00,7.004449813466446795e-01,5.144508381061646540e-01,-2.152120861675250185e-01,-1.671456823212796206e+00,7.064426531499925499e-01,6.820421739397507510e-01
-9.804054187746005788e-02,2.357923821804842612e-01,3.600986916185280329e-01,-2.354537091547140304e-02,-7.756457901073440797e-02,-1.370328130087944407e-01,9.872443262689520882e-01,2.349275836482341173e+00,-3.622852815994275222e-01,-8.330231619488150940e-01,1.921594038197051768e+00,-2.672780408968868926e-01,1.484816165166674695e+00,-9.928315380301215853e-01,6.841237472764210015e-01,-2.907341773074386682e-01,4.498286333120152802e-01,4.301953963920273072e-01,3.656847666980503897e-01,-1.445959135018994868e+00,6.093818736615609355e-01,5.770548005976906536e-01,1.088375726705470004e-01,-1.160148081614952975e+00,3.848295393246083940e-01,7.965958821020271419e-01
-5.823562698588505282e-02,1.502264364435061672e-01,5.274611676834057850e-01,-5.089287483781934629e-02,-7.340584382318549039e-02,8.759083893692784506e-02,9.921438113084580790e-01,1.286856136405428508e+00,-3.307493496372192476e-01,-7.991567392618963428e-01,1.603800238741677875e+00,-2.805081203176623683e-01,8.072657623746262168e-01,-7.723249145223186618e-01,4.693800711363130818e-01,-9.180568949108458554e-02,3.087098897318840685e-01,-6.248556586979164829e-02,4.339512923119866472e-01,-9.474688384842490096e-01,4.830904290589915773e-01,4.595389536150579213e-01,9.497910572202616919e-02,-6.085949512828743302e-01,2.505514672248978503e-01,6.585105480330105676e-01
-3.518196840689978566e-02,3.722947957243862016e-02,6.621029557363153906e-01,-2.722768591647354089e-02,-8.334873600155566498e-02,4.452237188366024029e-02,9.951529529315731315e-01,1.054789519653887009e+00,-1.664090905382809016e-01,-6.077217984456364519e-01,8.735767689421635174e-01,-1.912729009577288364e-01,7.317258209129786639e-01,-6.104147959010133295e-01,2.636659167170340434e-01,4.211916217010508445e-02,3.107091729311855510e-01,4.872446363434274064e-02,3.204225160303575404e-01,-4.221599390694404930e-01,5.308282043843747244e-01,3.711522917083978079e-01,1.457367655941538553e-01,-5.357075019942714178e-02,2.410280011598200378e-01,7.686601794879137639e-01
1.653854593064205125e-03,-7.448081210634636962e-02,7.547071597901719997e-01,1.225463200274938200e-02,-7.305836962361543507e-02,8.692461581372118440e-02,9.934567981487939514e-01,3.032470206662458700e-01,6.599355869248896278e-02,-2.181767234570893832e-01,-9.043330007853289665e-03,-2.761185555236563838e-01,4.389959638445627421e-01,-5.893404659357457387e-01,1.103199740307007903e-01,1.182963015413723840e-02,8.135278072321316944e-02,1.290055159784697647e-04,3.167877133827635694e-01,2.482279010212555814e-01,4.156552431775495382e-02,6.813115457985520207e-01,4.839571135870333052e-01,5.534942236078437272e-01,-2.667086235036477682e-01,2.330573330111951336e-02
1.156078296111466563e-02,-1.470750981325403273e-01,8.533720408199414464e-01,4.496392602392942223e-02,-7.063901216622867074e-02,7.365000516438541256e-02,9.937625732819584945e-01,2.734983748061167175e-01,3.892434742620620725e-02,-1.442077106733368197e-01,9.805232524571660946e-03,-2.722244110706835141e-01,4.134682651187226443e-01,-4.180180107875214324e-01,1.385549974489153346e-01,8.533148317082447920e-03,8.360151220186665122e-02,3.619801468583080939e-03,3.184365296403251500e-01,2.632166764088915700e-01,5.230656123484722642e-02,6.742568773930812664e-01,4.818918020953648074e-01,5.622838976507482656e-01,-2.673979143937048608e-01,2.874973734301700112e-02
1.156078296111466563e-02,-1.470750981325403273e-01,8.533720408199414464e-01,4.496392602392942223e-02,-7.063901216622867074e-02,7.365000516438541256e-02,9.937625732819584945e-01,2.734983748061167175e-01,3.892434742620620725e-02,-1.442077106733368197e-01,9.805232524571660946e-03,-2.722244110706835141e-01,4.134682651187226443e-01,-4.180180107875214324e-01,1.385549974489153346e-01,8.533148317082447920e-03,8.360151220186665122e-02,3.619801468583080939e-03,3.184365296403251500e-01,2.632166764088915700e-01,5.230656123484722642e-02,6.742568773930812664e-01,4.818918020953648074e-01,5.622838976507482656e-01,-2.673979143937048608e-01,2.874973734301700112e-02
4.533879202035705908e-02,-1.623163835704158897e-01,8.395849869634871565e-01,2.553265805918519121e-02,-5.239276380136272809e-02,9.204950857211194326e-03,9.982576573978301226e-01,2.129473456813827381e-01,1.375998856440452389e-01,-2.540595371493049592e-01,2.470048697608984711e-01,-3.055426176272605376e-01,6.553600885457171454e-01,-2.922703566551648757e-01,-1.411346540876221856e-01,5.136589770444023317e-01,-1.848385653591317068e-01,1.386354907712812334e-01,3.775096745023904798e-01,2.236584915066351376e-01,2.257833425453751042e-01,4.449705413619983174e-01,4.316371182584579080e-01,4.003549891930381355e-01,-8.591879353542927755e-02,1.375419573323423128e-01
8.284974563747149467e-02,-1.699134601953846135e-01,8.092167797141439634e-01,1.422674780166224666e-02,-4.782942401703993429e-02,1.002187723664306820e-02,9.987039139914490882e-01,1.636578764701287492e-01,2.358388521054207709e-01,-3.529979322999867719e-01,6.623126052803436359e-01,-6.701210115249026100e-02,9.849812168730134321e-01,-3.483412046128558925e-01,3.033802295805499982e-01,-8.332572880912036961e-02,4.914097506347470112e-04,1.561246859043659563e-01,3.637111590912686099e-01,2.621966647873730794e-01,3.150770956413213031e-01,4.106955052575055332e-01,3.386746013510391062e-01,3.133368648788792399e-01,1.045916096750691693e-01,4.681189398295932946e-01
1.117375138507317039e-01,-1.636134848899864214e-01,7.813433993105081132e-01,2.759157051949254896e-02,-3.544782849075006625e-02,3.062518487416910837e-02,9.985210337008335602e-01,-9.400583171692544759e-02,1.642894781629188894e-01,-9.811865216959875236e-02,1.889854479551505428e-01,-1.380098528947034942e-01,1.005573087183631031e-01,-2.824105156783379700e-01,-2.627356666666486040e-02,1.335681348431039250e-02,-3.509773166861795968e-03,2.371338791646527000e-01,2.127792680514104529e-01,6.019921497397533461e-01,8.326042376748271634e-02,6.329320262705460109e-01,2.858653986180544337e-01,6.096423723981847509e-01,-9.217717762018948213e-02,6.452127717996859468e-01
1.240043937097814603e-01,-1.231216639187149020e-01,8.221884969003935284e-01,2.180899324973892273e-02,-2.809166147320833751e-02,2.503443765940333368e-02,9.990538040066635483e-01,-9.519280849178346493e-02,2.021885769866496596e-01,-8.008517559234734629e-02,2.238646245107762667e-01,-1.389224557946424632e-01,1.161471669115470284e-01,-2.279593096401335561e-01,-5.320957433427730976e-02,1.179938665308420676e-02,-9.735208244435404612e-03,2.321202908625977779e-01,2.071895868174938593e-01,5.852445199903290041e-01,7.820524752093116483e-02,6.322146220486467572e-01,2.849230376196716930e-01,6.041444067561998477e-01,-9.458104055792296294e-02,6.418964040578893915e-01
1.240043937097814603e-01,-1.231216639187149020e-01,8.221884969003935284e-01,2.180899324973892273e-02,-2.809166147320833751e-02,2.503443765940333368e-02,9.990538040066635483e-01,-9.519280849178346493e-02,2.021885769866496596e-01,-8.008517559234734629e-02,2.238646245107762667e-01,-1.389224557946424632e-01,1.161471669115470284e-01,-2.279593096401335561e-01,-5.320957433427730976e-02,1.179938665308420676e-02,-9.735208244435404612e-03,2.321202908625977779e-01,2.071895868174938593e-01,5.852445199903290041e-01,7.820524752093116483e-02,6.322146220486467572e-01,2.849230376196716930e-01,6.041444067561998477e-01,-9.458104055792296294e-02,6.418964040578893915e-01
1.343221684864746024e-01,-7.807111877781852671e-02,8.318494352887626508e-01,1.365868229818710013e-02,-1.622395537708445565e-02,5.595807086512027961e-03,9.997594263685889437e-01,-1.740766477526679845e-02,1.674154036272653134e-01,2.389602073839834639e-02,-7.335314559498318232e-03,2.545727518873941442e-02,2.044267902096165990e-01,-1.900862044843774912e-01,-1.047233292326350956e-01,8.470432437574826334e-02,-1.591559448364956650e-02,2.858191489982412348e-01,1.667298149385819106e-01,5.289681998534366825e-01,2.350696123689612060e-02,5.876833961582400567e-01,2.291043477745837720e-01,5.398778964018686732e-01,-1.137804154491044717e-01,5.828449825002045559e-01
1.372583218082659984e-01,-4.155558896543481290e-02,8.423078602258091685e-01,4.467031707407637456e-03,-1.094591467182122642e-03,8.686113749553416377e-03,9.999516982960601208e-01,-2.926986931390777591e-01,1.469510339158114076e-01,3.327602606532131801e-02,5.541805116259337916e-02,3.433941391892919581e-02,5.001236641714192910e-01,-1.835889948962215745e-01,-5.211696183614842465e-02,7.750193814318041829e-02,2.627693163342141938e-02,3.022923112468945961e-01,1.001929938129960673e-01,4.094124581772145000e-01,1.445758788141806445e-02,5.136736116969583543e-01,1.551566316218669639e-01,4.238139334815335668e-01,-8.796519139079193861e-02,5.097693370267555313e-01
1.413943591448452719e-01,-1.029443896864230129e-02,8.460567376068224288e-01,-1.427953728931046634e-04,6.439961923625957090e-03,5.438382349239939337e-03,9.999644646172818341e-01,-5.267806394240505119e-01,1.245041279065040446e-01,3.441791443292413488e-02,1.320672745692711980e-01,-1.543849082983010657e-01,1.011768335687367681e+00,-2.145250776288674943e-01,1.667406575896914211e-01,-1.254548995595532457e-01,4.849466027254936695e-02,3.091082808233510115e-01,4.819045965808203824e-02,2.661435483179683814e-01,-1.954074621964364128e-02,4.912622954008386555e-01,8.833926837292647993e-02,2.952047564663998758e-01,-1.035274437489181881e-01,4.158487850586445322e-01
1.488421809637819615e-01,1.149410232564156836e-02,8.568567718446097325e-01,-5.695423705391068278e-03,3.963083663491053822e-03,4.865243773477332528e-03,9.999640921151702333e-01,-7.400165386476079687e-01,7.643367223001895638e-02,1.961744145553564467e-01,-7.656612152266009663e-02,-8.413735559990448420e-03,1.400665330368597861e+00,-1.641945069541652646e-01,3.490829826869208397e-01,-2.341160139238048221e-01,4.904173675570799862e-02,2.805695610722969136e-01,2.664074577385439763e-02,1.256224861453088537e-01,-3.552877909668919476e-02,4.522871942974124870e-01,2.685143275532903689e-02,1.576410328751847723e-01,-1.019116269717549456e-01,4.018278662623337438e-01
1.549312712468685904e-01,3.430040773615777860e-02,8.411588935063616379e-01,-7.376588770178198889e-03,1.457335135535955430e-02,5.492330252093194538e-03,9.998515078134305734e-01,-6.601332468905072304e-01,6.972527642977680018e-02,1.033611089109320591e-01,-3.444233371512078756e-02,2.401182734067086599e-03,1.513124713154488710e+00,-1.709769048881087938e-01,4.366384735372950132e-01,-3.195017380536621099e-01,-1.766235103872741685e-02,2.491772265757300209e-01,2.436911175305542243e-02,1.558009674559027169e-02,-3.925723347419321496e-02,3.293362098829470952e-01,4.195133999319061724e-03,4.927496108134836461e-02,-8.581473558921171030e-02,3.006155014257106961e-01
1.614471697363846769e-01,3.910317971937160575e-02,8.737717620999525536e-01,-5.101634066828845265e-04,2.497814305916527117e-02,-7.756321048444942551e-04,9.996875664413618079e-01,-6.604774403941564564e-01,5.307568367199570758e-02,1.088644167430410648e-01,-1.669186435418839806e-02,-1.099693990635126559e-03,1.527994949278343784e+00,-1.657585938012738347e-01,4.127859674707328175e-01,-3.266467718947553278e-01,-1.789951611250766017e-02,2.384302110115166240e-01,1.555712016636842145e-02,1.304044049971937735e-02,-3.961167605259271335e-02,3.271422708441693583e-01,5.772271647252850968e-04,4.894107926892814209e-02,-8.546913736856846799e-02,2.989071726865384360e-01
1.614471697363846769e-01,3.910317971937160575e-02,8.737717620999525536e-01,-5.101634066828845265e-04,2.497814305916527117e-02,-7.756321048444942551e-04,9.996875664413618079e-01,-6.604774403941564564e-01,5.307568367199570758e-02,1.088644167430410648e-01,-1.669186435418839806e-02,-1.099693990635126559e-03,1.527994949278343784e+00,-1.657585938012738347e-01,4.127859674707328175e-01,-3.266467718947553278e-01,-1.789951611250766017e-02,2.384302110115166240e-01,1.555712016636842145e-02,1.304044049971937735e-02,-3.961167605259271335e-02,3.271422708441693583e-01,5.772271647252850968e-04,4.894107926892814209e-02,-8.546913736856846799e-02,2.989071726865384360e-01
1.671645443317515689e-01,4.073224803619109047e-02,8.775493135984284709e-01,-8.652595051924786423e-03,3.546889174764938923e-02,-3.206193202593526914e-02,9.988188638746393622e-01,-3.292346762028762752e-01,6.508789324142658095e-02,-1.930264455819555303e-02,1.284511182218406322e-01,4.079375831661803675e-02,1.943941132099535229e+00,-1.180110598634951241e-01,4.060103999463394175e-01,-1.346083811983380674e-01,-3.121153771882505257e-02,2.473591177133768748e-01,1.883839253235755282e-03,-6.897724189935612593e-02,-4.349702037159496049e-02,3.752123834006548808e-01,-5.674357620162279181e-02,-5.375195900962162487e-02,-8.408999356160745675e-02,3.609919732556190475e-01
1.756102179244349859e-01,4.489443663404453499e-02,8.767279119783208952e-01,-1.203278282803670572e-02,3.295978128897208981e-02,-2.348718002972313007e-02,9.991082110207321065e-01,-3.322080942946450399e-01,5.563538046317240832e-02,1.330249118423881272e-01,-1.875008720731407563e-01,1.101186819100191533e-01,1.541103796930513248e+00,-1.399300470341818536e-01,1.474488235181257711e-01,1.629585951276295019e-01,2.656552054298111365e-02,2.358587327964689617e-01,-3.536797007386899977e-02,-2.073633979366165669e-01,-3.951438630911216499e-02,4.351588574428132961e-01,-6.822206404982100736e-02,-2.139192786737089680e-01,-7.407878658130559457e-02,4.626595099352368567e-01
1.814976897989238891e-01,4.843775660064654487e-02,8.487986245859142631e-01,-2.039983734028787132e-02,3.816628014680201186e-02,6.988416352361977169e-03,9.990387098271675814e-01,-3.112674978762663969e-01,8.602456481509775099e-02,6.450615627675437835e-02,-3.020276142129268981e-02,2.927037405505236722e-02,1.316049356434884521e+00,-1.661284511464553859e-01,2.345859166021085906e-02,3.157938483246179318e-01,-6.600486411908822182e-03,1.859318967087595920e-01,-7.235367003048404078e-02,-4.095148575412277392e-01,8.515648301669391518e-03,3.885468889422800665e-01,-8.369681911138422692e-02,-4.294432394431738076e-01,1.115149763153927553e-02,5.275537758594046611e-01
1.963186958697564211e-01,3.053387665293210221e-02,8.834697266864828258e-01,-7.279864293883468382e-03,3.010084738147289149e-02,3.496149626064214838e-03,9.995142417697568948e-01,-3.106429534535834480e-01,5.486517778008394297e-02,4.779579592558925311e-02,-3.247147926196747303e-02,3.027211089729484050e-02,1.319225756492235613e+00,-1.065165956548572435e-01,6.972723798312374655e-03,3.214786710218565657e-01,-7.013951524914123492e-03,1.925923949083218067e-01,-7.049630399711619144e-02,-4.061236918292608911e-01,9.347125866378667991e-03,3.850488905520459970e-01,-8.414689668551982027e-02,-4.234998449731388614e-01,1.301932155940971336e-02,5.242150961713850643e-01
1.963186958697564211e-01,3.053387665293210221e-02,8.834697266864828258e-01,-7.279864293883468382e-03,3.010084738147289149e-02,3.496149626064214838e-03,9.995142417697568948e-01,-3.106429534535834480e-01,5.486517778008394297e-02,4.779579592558925311e-02,-3.247147926196747303e-02,3.027211089729484050e-02,1.319225756492235613e+00,-1.065165956548572435e-01,6.972723798312374655e-03,3.214786710218565657e-01,-7.013951524914123492e-03,1.925923949083218067e-01,-7.049630399711619144e-02,-4.061236918292608911e-01,9.347125866378667991e-03,3.850488905520459970e-01,-8.414689668551982027e-02,-4.234998449731388614e-01,1.301932155940971336e-02,5.242150961713850643e-01
2.146882089092544688e-01,8.961279018931022494e-03,8.869202880180283577e-01,8.480385294952104414e-04,9.749284990138551432e-03,6.584377452882195919e-04,9.999518982093934527e-01,-2.219931355430680986e-01,4.511092799925837948e-02,7.322967779054642690e-02,-5.819866978533216884e-02,4.472142967357028986e-02,1.364533753337743960e+00,-2.715703314172598914e-02,1.357175345313658132e-01,8.901393054705986074e-02,4.495792185051721707e-02,2.014761972806839996e-01,-5.653705911751819024e-02,-3.670577290654017943e-01,1.890537535686687837e-02,4.367431235173978021e-01,-8.771732105610849373e-02,-3.695310988808631625e-01,3.305456692103755922e-02,6.493234492968888993e-01
2.288366147690369390e-01,-6.195900082665507097e-03,8.932464249823970359e-01,1.108870256840117918e-02,1.314515506565988362e-04,-1.503528711664069324e-03,9.999373794379589064e-01,-2.844008684236760676e-01,3.213368848007185086e-02,8.642740852790421757e-02,-4.278581161447644193e-02,7.464115485898777103e-02,1.382527650635020589e+00,1.121117709083042924e-02,2.184836202843681296e-01,-4.970538528571094572e-02,1.118844175417287312e-01,2.067161540169392131e-01,-1.580736288539252160e-02,-2.879084894040350173e-01,1.751632293112981645e-02,4.567938415744786651e-01,-6.309043766604079118e-02,-2.764085440976211672e-01,2.973899920447140022e-02,6.692230325327310769e-01
2.404566812659715835e-01,-1.781576122391283906e-02,8.895322263614463543e-01,2.089305233248521174e-02,-3.464471012501581151e-03,5.299108583311442841e-03,9.997616702259882748e-01,-4.230621597326817973e-01,2.502231313929981216e-02,9.005561949365470387e-02,-2.411235291643731155e-02,1.019199379068344291e-01,1.143520457453637285e+00,5.897236509375826385e-03,1.828298496771869341e-01,-6.424534322076347337e-03,1.103258460394864054e-01,1.907896231711096457e-01,1.058009844881202879e-02,-1.774084957384904904e-01,1.726196171461720150e-02,4.470822061478097464e-01,-3.871800517628369576e-02,-1.642506459299986898e-01,2.072229742005055747e-02,6.031298590385751890e-01
2.488695305582723227e-01,-2.345556638579249231e-02,9.020578703013528710e-01,2.552357401083776844e-02,-1.700178303583657667e-03,-5.113927803781948001e-03,9.996596942489313076e-01,-5.700798003570104466e-01,1.560588865249961515e-02,5.573867400854770615e-02,8.162015181254841933e-02,1.360229688248306701e-01,1.176494898732742156e+00,4.758290979421930800e-04,1.954376173795102922e-01,-3.315262705193444681e-03,1.234822031011319488e-01,2.040178730747904123e-01,2.516967181067564577e-02,-5.555163357531769930e-02,1.953105417072299038e-02,4.661130186778407181e-01,-2.003014996507717152e-02,-4.320578854508888567e-02,1.357444761090233556e-02,5.538801082747293325e-01
2.572342194877348942e-01,-2.801460965001536033e-02,8.884821119561199243e-01,2.889686092244666757e-02,4.982637286615978394e-04,5.185585423566812201e-03,9.995688234763528968e-01,-6.866338745203828253e-01,3.020191857782877215e-02,5.476281554259748718e-03,1.747168075582842539e-01,9.291471770951303943e-02,9.288952429609713679e-01,-1.181141513893166350e-02,1.637109133094139801e-01,-1.672249824243220509e-02,9.774723773450574860e-02,1.749881231486128674e-01,2.858431563381238702e-02,6.110802838209256072e-02,4.185789424705913322e-03,3.995656537656268603e-01,-9.908807931178246001e-03,6.886216640189714300e-02,-8.779577281116310999e-03,3.939835189322365427e-01
2.645969256531128244e-01,-2.208178713776109275e-02,9.113889341379274311e-01,1.885928627290744952e-02,-1.073450453802861490e-03,1.005078340907075533e-03,9.998210664128498459e-01,-6.907020520973733424e-01,2.246646964858227402e-02,-1.996733965453415666e-02,1.742148935237573804e-01,9.023277097325432816e-02,9.229952756959826088e-01,4.088034368200380714e-03,1.658725740597908893e-01,-1.138295719809906750e-02,9.961978542680800797e-02,1.763086982718997386e-01,3.039122784377818604e-02,6.519893982536303922e-02,4.929529545829612613e-03,3.975937235854292151e-01,-9.489571893348217047e-03,7.245501539524365486e-02,-7.753521373945807676e-03,3.920015583780285251e-01
2.645969256531128244e-01,-2.208178713776109275e-02,9.113889341379274311e-01,1.885928627290744952e-02,-1.073450453802861490e-03,1.005078340907075533e-03,9.998210664128498459e-01,-6.907020520973733424e-01,2.246646964858227402e-02,-1.996733965453415666e-02,1.742148935237573804e-01,9.023277097325432816e-02,9.229952756959826088e-01,4.088034368200380714e-03,1.658725740597908893e-01,-1.138295719809906750e-02,9.961978542680800797e-02,1.763086982718997386e-01,3.039122784377818604e-02,6.519893982536303922e-02,4.929529545829612613e-03,3.975937235854292151e-01,-9.489571893348217047e-03,7.245501539524365486e-02,-7.753521373945807676e-03,3.920015583780285251e-01
2.697911245452627726e-01,-1.416915412358247736e-02,9.098429481580084799e-01,8.691514094228173018e-03,5.447654898522174757e-03,3.528408975742494420e-03,9.999411637536261832e-01,-9.076136627674075141e-01,3.640148936105008781e-02,-1.651402794145640993e-02,2.428732689914817611e-01,9.500821879858895036e-02,9.594222912053285146e-01,1.508633880211845101e-02,6.232287432049246623e-02,1.750942603663175334e-01,7.162302184616571588e-02,1.601033017722787999e-01,3.827059947407628060e-02,8.137002328699349807e-02,3.065747152761597039e-02,3.459197312115850909e-01,-4.732648938388106692e-03,8.972382588555452565e-02,8.252168379511110735e-03,3.496885375277249963e-01
2.780408279555195983e-01,-9.848165733946454697e-04,8.955315132048288218e-01,3.767195955970243162e-03,3.004721205156725937e-03,-9.091077075623781034e-03,9.999470647002838275e-01,-9.630433852019752994e-01,-5.924042893252164099e-03,-1.269600526648195227e-01,5.519550568122737477e-01,1.199794678442944601e-01,1.150765038630378267e+00,3.140599254257010753e-02,1.817146210629269343e-01,1.701080611768601702e-03,1.057736961762225092e-01,1.955932479797058976e-01,5.871444669257086524e-02,2.904799040019681589e-02,1.207353174549024716e-01,2.365300868948710944e-01,2.958789694342747398e-02,3.640784499438374372e-02,1.096044887441613852e-01,3.109376241231069926e-01
2.872418495879523470e-01,1.888029339789096955e-02,9.015189535969139190e-01,-6.544840635517488146e-04,-2.898418658323977624e-03,-9.405467250180429145e-03,9.999513528195745904e-01,-1.201985863654336795e+00,-4.664830878474121589e-02,9.085917952742794679e-02,1.190269926814220836e-01,1.446687049647850387e-01,1.092595002487880551e+00,7.474237773334892199e-02,1.888142130932343177e-01,1.023041277817596240e-02,7.229084275112514224e-02,1.793319457522994931e-01,5.661102685218911967e-02,1.153920443829844072e-01,2.729760704499523127e-02,3.966625495602918994e-01,2.638542778604472186e-02,1.127228677226105868e-01,1.160409473911085121e-02,3.712986476787957235e-01
2.940753871015679977e-01,3.914680989133572514e-02,8.793057171302075536e-01,-7.743454150947659195e-03,-3.493945582832481533e-03,-7.727747062969278317e-03,9.999340544192937275e-01,-1.184267836155791676e+00,-7.152675925407903090e-02,1.142198260056792036e-01,9.335071872828570871e-02,1.378957748382190485e-01,1.090720831094307286e+00,2.513042719777398848e-02,2.135833910849135320e-01,2.541820663211024484e-02,6.660148070842011880e-02,1.589381383096875600e-01,4.808975651748352564e-02,1.194849874877817325e-01,2.208134860327184978e-02,3.940825987481170745e-01,2.833039992199089599e-02,1.174583364631703319e-01,8.297319685397638866e-03,3.660655910685813308e-01
2.940753871015679977e-01,3.914680989133572514e-02,8.793057171302075536e-01,-7.743454150947659195e-03,-3.493945582832481533e-03,-7.727747062969278317e-03,9.999340544192937275e-01,-1.184267836155791676e+00,-7.152675925407903090e-02,1.142198260056792036e-01,9.335071872828570871e-02,1.378957748382190485e-01,1.090720831094307286e+00,2.513042719777398848e-02,2.135833910849135320e-01,2.541820663211024484e-02,6.660148070842011880e-02,1.589381383096875600e-01,4.808975651748352564e-02,1.194849874877817325e-01,2.208134860327184978e-02,3.940825987481170745e-01,2.833039992199089599e-02,1.174583364631703319e-01,8.297319685397638866e-03,3.660655910685813308e-01
3.010289604438450839e-01,5.106961704688527809e-02,8.704207073776343284e-01,-1.606764127703825401e-02,-4.975681939767730676e-03,-1.104045438187029222e-02,9.997975704411710129e-01,-1.207695916631805977e+00,-8.693255139722758096e-02,2.180291080926074487e-01,-8.463492424693297433e-02,2.452747269401253094e-01,1.169284513572823814e+00,-2.211189641145860918e-04,2.720021998030865973e-01,-1.095757413600004226e-01,1.225645540721118781e-01,1.437111763135512088e-01,2.847052506919224915e-02,1.311145742793049518e-01,-5.707717174226679263e-03,4.637161484095724262e-01,1.840860138984180133e-02,1.266337104396509650e-01,-2.077223557774375562e-02,4.246061788056632591e-01
3.070928826935190870e-01,5.774514107865423573e-02,8.762062191666690758e-01,-2.091391705045619887e-02,-2.755990837896499408e-03,-2.694381133278703645e-03,9.997738508774955957e-01,-1.312137280624706026e+00,-9.800808740663061180e-02,2.483669922777333450e-01,-1.350798129898594935e-01,2.323278223892809025e-01,1.282813940786307949e+00,-1.325520581720185387e-02,3.068545869791076686e-01,-1.860152747840596310e-01,1.594204502579153471e-01,9.821315629058761931e-02,2.531932557873822764e-02,1.166096075905025398e-01,-3.624513981620777064e-03,4.611615201511353179e-01,1.438228920021589370e-02,1.096915152999618365e-01,-1.768936301416337842e-02,4.547237396271909260e-01
3.122630714991866396e-01,6.366280072092284081e-02,8.707057807958047402e-01,-2.174608690985746842e-02,2.203397867231029778e-03,-1.373825229872560182e-03,9.997601539100192669e-01,-1.316174495430755709e+00,-9.504262727157110346e-02,1.877652409231541086e-01,-2.178743663035326295e-02,1.950990580261583451e-01,1.387305107330592202e+00,-5.017358735661020530e-02,3.421711057666488309e-01,-2.378319192978063379e-01,1.711288320875657687e-01,7.286272354069983637e-02,8.955665222154022415e-03,7.618368167907357824e-02,-1.027601228849338473e-02,4.640356592329944463e-01,1.881627413940697990e-06,6.626139941856844240e-02,-2.987430744796616688e-02,4.632070010995389397e-01
3.184899380051116058e-01,6.375882126857544685e-02,8.789031456649115670e-01,-2.069486890327180278e-02,6.486688399606515415e-03,-1.020605445564241268e-03,9.997642740362386871e-01,-1.304254478739831802e+00,-8.944519243503112893e-02,1.497181866237709269e-01,3.878658356466434948e-02,1.686437723905871988e-01,1.458913028056239236e+00,-7.397672844391808833e-02,3.315210020433590477e-01,-1.888303588372234887e-01,1.620843095339702944e-01,5.522217567420824313e-02,-5.883478446382999286e-03,1.991535407526807966e-02,3.068755915805103027e-03,4.785692531971252328e-01,-1.327153071077252430e-02,6.632055673359851800e-03,-1.594578543568087731e-02,4.957785324612021816e-01
3.240406762887446113e-01,6.338518549947272374e-02,8.652635572354238080e-01,-1.891564629374527587e-02,1.390639976418196408e-02,-9.330667551472630536e-03,9.996808235701696299e-01,-1.193396705838537963e+00,-7.346564775458969132e-02,1.287241752784286375e-01,6.879904476985447548e-02,9.855543412032581607e-02,1.468554538112093466e+00,-1.312050371451000119e-01,3.138081115968639478e-01,-1.432425815649771283e-01,9.171010152771823243e-02,5.453275452046864313e-02,-6.990353145907490448e-03,-4.209634858120727546e-02,2.531221928706192670e-02,3.828331916549909120e-01,-2.728302887975692440e-02,-5.973851304576921484e-02,6.191634192098408040e-03,4.350434314756743692e-01
3.336950097197685650e-01,5.339984543556934582e-02,8.834271498715045023e-01,-1.191145952161093424e-02,1.455995545906707545e-02,-1.067310842477421813e-02,9.997660774329403255e-01,-1.193855119188352409e+00,-8.237973213720961585e-02,1.109511496272374692e-01,7.417953475929850438e-02,1.010611427389353223e-01,1.477618699330624619e+00,-1.221147503449267063e-01,3.001673820561268080e-01,-1.529232339603443513e-01,8.956419082078109772e-02,5.139146711463584566e-02,-9.036528534134447010e-03,-4.403799296091007870e-02,2.384370303434941996e-02,3.808878450646789871e-01,-2.844274797201708227e-02,-6.168526485740420673e-02,5.355330303484100857e-03,4.334930746039527549e-01
3.336950097197685650e-01,5.339984543556934582e-02,8.834271498715045023e-01,-1.191145952161093424e-02,1.455995545906707545e-02,-1.067310842477421813e-02,9.997660774329403255e-01,-1.193855119188352409e+00,-8.237973213720961585e-02,1.109511496272374692e-01,7.417953475929850438e-02,1.010611427389353223e-01,1.477618699330624619e+00,-1.221147503449267063e-01,3.001673820561268080e-01,-1.529232339603443513e-01,8.956419082078109772e-02,5.139146711463584566e-02,-9.036528534134447010e-03,-4.403799296091007870e-02,2.384370303434941996e-02,3.808878450646789871e-01,-2.844274797201708227e-02,-6.168526485740420673e-02,5.355330303484100857e-03,4.334930746039527549e-01
3.438059011780618124e-01,4.417193254491467991e-02,8.756943648899150334e-01,-4.201990754280810619e-03,1.751143209092875103e-02,-9.743620511392672712e-03,9.997903554641621726e-01,-1.247468791952824674e+00,-9.606486249792937915e-02,1.642075601317261047e-01,-3.447789611527599107e-02,1.263776836212921473e-01,1.695837792691848200e+00,-7.934531276116715826e-02,5.206589455509417208e-01,-4.547562989681640522e-01,5.034509867072423095e-02,3.173893518260847285e-02,1.639294474195165593e-02,-2.228258630855934480e-02,-3.382990959574432022e-02,4.076083081587385526e-01,-1.552040232500428302e-02,-3.437924345072992938e-02,-4.765538714950227905e-02,3.711561058341472097e-01
3.545517571243897437e-01,3.065049591693506589e-02,8.797347641827347742e-01,1.095319142656324017e-03,1.838370135867031102e-02,-8.853683513064057597e-03,9.997912042464572879e-01,-1.041952231694917907e+00,-8.365943095490575854e-02,8.060007863566903685e-02,1.197467735638856612e-01,1.260323085869099746e-01,1.321568094160203266e+00,-1.128744000052351037e-01,2.019055625251453545e-01,-3.180192335324993902e-02,2.944035413878485011e-02,5.071125315390861976e-02,1.277718711063381696e-02,-3.054863853630995080e-02,-6.284947270731210123e-02,5.229704243012650577e-01,1.337378392578992062e-02,-3.378437304006986358e-02,-7.464211942574208725e-02,4.105965278470110613e-01
3.666763185367182265e-01,1.820254038594971979e-02,8.596924160410278626e-01,9.350118201751818087e-04,1.771901222850334051e-02,9.205448064821653009e-03,9.998001910804319436e-01,-8.954490396534251495e-01,-7.339432286816699458e-02,1.348902540211441292e-01,4.041145403565563066e-02,6.489469011087055372e-02,1.182365062564615599e+00,-6.714058260926122901e-02,2.889384790299557304e-01,-2.446388143291896022e-01,6.962126577972982400e-02,3.624497847050860144e-02,3.624903410996937331e-02,-1.093997751767681326e-01,2.193566523689292891e-02,3.849662151322736370e-01,3.772139836795057599e-02,-1.115230094308990449e-01,9.293024832608187680e-03,4.323758844420462766e-01
3.824371943609178315e-01,-4.335105447488680347e-03,8.789841668459105195e-01,9.431103009257563174e-03,6.834572542331228233e-03,6.212213267252792229e-03,9.999128718646012048e-01,-8.930469422386702050e-01,-8.522192987696193545e-02,1.574427809965990299e-01,4.804018621101666109e-02,6.982900384555082440e-02,1.179138335452118547e+00,-6.789833447908930064e-02,2.789064377704046915e-01,-2.083583175457873471e-01,6.702017706979629397e-02,3.766375816933786869e-02,4.020141938438510920e-02,-1.089349565098039485e-01,2.225903578637231095e-02,3.836922231232532399e-01,4.043284894950942981e-02,-1.111804992762708555e-01,9.828835330577767593e-03,4.312261691994430102e-01
3.824371943609178315e-01,-4.335105447488680347e-03,8.789841668459105195e-01,9.431103009257563174e-03,6.834572542331228233e-03,6.212213267252792229e-03,9.999128718646012048e-01,-8.930469422386702050e-01,-8.522192987696193545e-02,1.574427809965990299e-01,4.804018621101666109e-02,6.982900384555082440e-02,1.179138335452118547e+00,-6.789833447908930064e-02,2.789064377704046915e-01,-2.083583175457873471e-01,6.702017706979629397e-02,3.766375816933786869e-02,4.020141938438510920e-02,-1.089349565098039485e-01,2.225903578637231095e-02,3.836922231232532399e-01,4.043284894950942981e-02,-1.111804992762708555e-01,9.828835330577767593e-03,4.312261691994430102e-01
3.969507426093185076e-01,-2.568585641349090121e-02,8.832113864402720838e-01,1.485917684301262323e-02,-1.331393309680867264e-03,6.868261324870230181e-03,9.998651205246515961e-01,-8.892591579393798185e-01,-7.702473515819689698e-02,1.606612842649112194e-01,1.002881021321988392e-01,1.020271215196916215e-01,1.129679820608087137e+00,-3.380617625204999921e-02,2.180560149005832393e-01,-8.583653927258061422e-02,8.510437587013079674e-02,3.167167927078339690e-02,4.563355806569266426e-02,-1.058831228207335051e-01,3.846121225404174060e-02,4.493516779597289679e-01,4.647787879859797966e-02,-1.077760039975385054e-01,3.243511366102212745e-02,5.029131975092605567e-01
4.086434269849664180e-01,-4.227740076173908124e-02,8.900411815058286713e-01,1.682008964741837573e-02,-5.762319610423942418e-03,3.236606323431580508e-03,9.998366889829893855e-01,-9.604371410340036830e-01,-6.750349688691109629e-02,1.752248361243577413e-01,1.159079292872898792e-01,1.269143196013591268e-01,1.232457684510696261e+00,8.046298086414174766e-03,1.994762866263465051e-01,-3.195909684304852616e-02,6.771507002080839888e-02,2.263662731091687502e-02,6.138811104017396353e-02,-9.035383860719825577e-02,5.125235281134758042e-02,5.123361264978906204e-01,5.093381298703059112e-02,-8.897354898579382110e-02,4.738606189065337759e-02,5.714571208950962600e-01
4.188470312370543014e-01,-5.569809379141402172e-02,8.881974293709666846e-01,1.773323802624170512e-02,-6.410867908634043655e-03,3.069760847131527623e-03,9.998174881497642330e-01,-1.018771346717069370e+00,-4.350705301993080393e-02,1.755375859480973466e-01,1.403237894332983182e-01,1.351038680171502970e-01,1.245430505387777664e+00,2.837220693379914616e-02,1.639506606364145025e-01,3.378651209983242476e-03,6.898496421283507873e-02,1.234205161792518123e-02,8.144042911366745907e-02,-5.763254448784219108e-02,5.373833875877082056e-02,4.960532292947235078e-01,7.106068533207307580e-02,-5.342229152763201816e-02,4.995443258660652031e-02,5.489019314087401069e-01
4.266323757193623001e-01,-6.333504549533824912e-02,8.958989340946145186e-01,1.586683754650324366e-02,-4.929422383126145536e-03,-9.797143227131775971e-04,9.998614826170111325e-01,-1.073554342574384535e+00,-2.481341054299995158e-02,1.636099716545869887e-01,1.762972100372699469e-01,1.186617749809797950e-01,1.250932218623664882e+00,3.627599122957526900e-02,1.035102915385135575e-01,1.293676061967060642e-01,5.897945009359041590e-02,5.973486569651127558e-03,9.642738771156111888e-02,-1.453699740515222716e-02,4.277118638775205539e-02,4.793905772936437604e-01,8.690434229693247414e-02,-9.801929542413830021e-03,4.025482283162857416e-02,5.130484775819157406e-01
4.340289052331406938e-01,-6.966164730179640052e-02,8.825969990031726775e-01,1.496217154989167540e-02,-2.579356532217975517e-03,4.712684989924628351e-03,9.998736274862823903e-01,-1.069852592629270571e+00,1.339625669787760515e-02,1.234835084463170446e-01,2.538334815124855814e-01,6.019280387384332714e-02,1.155218015088561367e+00,3.610955385962742736e-02,1.063580844913303292e-01,4.698978701188910589e-02,4.327606982743890940e-02,-1.592313515290911044e-02,1.077790011483029248e-01,3.763120428804452022e-02,2.488830482571183916e-02,4.063184383649039999e-01,1.076175055501571165e-01,4.235218865974491043e-02,2.209011663345499324e-02,4.201088094430309172e-01
4.398199531510598725e-01,-6.612161846302061496e-02,9.034545470799786315e-01,7.602097458356629929e-03,-3.307094272264714686e-03,2.685169938657526651e-04,9.999655989784509424e-01,-1.073968289192306358e+00,9.304177894776388680e-03,1.013330593931176526e-01,2.448317879650156736e-01,6.002848053762187275e-02,1.152809271374582112e+00,5.618158152768128188e-02,1.169424983538035340e-01,7.151910992634495645e-02,4.222241447092187766e-02,-1.979329469858623000e-02,1.071572226223998087e-01,3.592938046272929620e-02,2.444234844727784933e-02,4.060983986103939292e-01,1.084495189725902808e-01,4.007577518054766808e-02,2.144311839978673209e-02,4.200244319843654539e-01
4.398199531510598725e-01,-6.612161846302061496e-02,9.034545470799786315e-01,7.602097458356629929e-03,-3.307094272264714686e-03,2.685169938657526651e-04,9.999655989784509424e-01,-1.073968289192306358e+00,9.304177894776388680e-03,1.013330593931176526e-01,2.448317879650156736e-01,6.002848053762187275e-02,1.152809271374582112e+00,5.618158152768128188e-02,1.169424983538035340e-01,7.151910992634495645e-02,4.222241447092187766e-02,-1.979329469858623000e-02,1.071572226223998087e-01,3.592938046272929620e-02,2.444234844727784933e-02,4.060983986103939292e-01,1.084495189725902808e-01,4.007577518054766808e-02,2.144311839978673209e-02,4.200244319843654539e-01
4.443043940947011827e-01,-5.859737745449469098e-02,8.925531420373518099e-01,9.224421752142204431e-03,9.999771919154199547e-04,-4.276524649115907698e-04,9.999568626707471264e-01,-9.748019606528594005e-01,2.407080782323760271e-02,-5.912518142885261896e-02,5.143648913557408164e-01,5.578716244873892227e-02,1.058759349434361674e+00,3.687885199075992271e-02,1.802734608242577696e-01,-4.855473395194963293e-02,5.645709688020637135e-02,-2.095943989187399464e-02,9.508361833776185490e-02,1.638580098395001072e-03,5.810602288799605192e-02,4.174716129727964464e-01,9.862935872949082916e-02,3.552877076386386224e-03,4.721082413496908992e-02,4.128920568751436870e-01
4.511041139709040526e-01,-4.637120216732237843e-02,9.008266368609060271e-01,3.088228779584810055e-03,-1.171156636915478277e-03,-5.158955025140330363e-05,9.999945442719450073e-01,-1.089588505742040914e+00,-1.532248735473216994e-02,1.573613798715796930e-01,1.221752449094733461e-01,7.435428851260098004e-02,9.001223373220049728e-01,2.768371913368455201e-02,2.015762456515407530e-01,-1.280644459164004267e-01,7.833457140567459676e-02,-3.127837653557425518e-02,1.052760780348769715e-01,1.027845985790581951e-02,3.435873941781723145e-02,3.909713951054498149e-01,9.781257975075610678e-02,1.118975130310803645e-02,2.860502207157367138e-02,4.166810235771742366e-01
4.562307357843232714e-01,-3.437047551093052461e-02,8.848928523612741293e-01,1.886685226241910547e-03,1.284671310255886120e-03,-3.653920891760859338e-03,9.999907194072344963e-01,-1.189393309705696566e+00,-3.272761405052709849e-02,2.824065686289934929e-01,-1.269305606943796905e-01,7.351661686085998737e-02,6.822965039131960729e-01,1.148022518357847202e-02,1.128962862432145442e-01,4.028336457359191214e-02,3.077612756682743256e-02,-2.863455942435965546e-02,9.095818895778605417e-02,5.046307814061706809e-02,-9.334598089229241558e-03,4.188234237235399227e-01,9.254916296670082088e-02,4.657979575895714736e-02,-1.638183432050134558e-02,3.881520539137191528e-01
4.626244468039202307e-01,-1.588888411103061074e-02,8.944706266482660428e-01,-7.683107895124212383e-03,-3.066434920789042496e-03,-2.509993256780264879e-03,9.999626326837414148e-01,-1.187049939337557536e+00,-5.898536542773402669e-02,3.102563113217081670e-01,-1.583865864887280261e-01,8.520247372338762837e-02,6.795653364745539715e-01,3.373490544922811557e-04,1.027772635318223438e-01,3.122769615561904466e-02,3.183196221675866494e-02,-3.312271837256475226e-02,8.883007025303429893e-02,5.854438188635400359e-02,-1.203187316422579811e-02,4.135484442909268532e-01,9.482247064946826287e-02,5.506771254164706531e-02,-1.793134656056115384e-02,3.803005936893745775e-01
4.626244468039202307e-01,-1.588888411103061074e-02,8.944706266482660428e-01,-7.683107895124212383e-03,-3.066434920789042496e-03,-2.509993256780264879e-03,9.999626326837414148e-01,-1.187049939337557536e+00,-5.898536542773402669e-02,3.102563113217081670e-01,-1.583865864887280261e-01,8.520247372338762837e-02,6.795653364745539715e-01,3.373490544922811557e-04,1.027772635318223438e-01,3.122769615561904466e-02,3.183196221675866494e-02,-3.312271837256475226e-02,8.883007025303429893e-02,5.854438188635400359e-02,-1.203187316422579811e-02,4.135484442909268532e-01,9.482247064946826287e-02,5.506771254164706531e-02,-1.793134656056115384e-02,3.803005936893745775e-01
4.677314197275442287e-01,-1.499618215025446538e-03,8.983680240670329775e-01,-1.529728538929658876e-02,-3.162990717602147915e-03,-3.034998767986772390e-03,9.998733806497286380e-01,-1.198465963046988048e+00,-6.737842304435433249e-02,2.966667747294441382e-01,-1.221415169152768043e-01,1.134625946222105469e-01,7.194098173467633472e-01,-1.514244415054668592e-02,6.766531656162229347e-02,5.201664016993354234e-02,7.491937397333889304e-02,-3.581102901983114484e-02,7.739935426521525608e-02,6.261631504292089478e-02,-2.813758127360220865e-02,4.371679945382132004e-01,7.985270265506998200e-02,5.784592238737323172e-02,-3.697797257392031883e-02,4.342397321160428314e-01
4.730306716650446441e-01,9.277669561890434027e-03,9.031003661811475292e-01,-1.701004838533613089e-02,-4.201773241409105172e-03,-6.330569032753103481e-04,9.998462894837953918e-01,-1.296713218065570494e+00,-9.682609027685508407e-02,2.451533950476215695e-01,-1.983959733185189367e-02,9.904565790119271296e-02,7.639766091628416023e-01,-3.495472717879768293e-02,5.543264225704887249e-02,4.984855290426881691e-02,9.892477151739341446e-02,-2.976614772910729512e-02,4.305788823808193166e-02,4.865763143117503298e-02,-4.924130897743610180e-02,5.200915762340124759e-01,6.481060994430207223e-02,4.165391057347168219e-02,-6.365210022122269606e-02,5.079395559481992839e-01
4.784412041990760422e-01,1.625141620281547739e-02,8.989849651517205498e-01,-1.912766943855990359e-02,-2.773734230846425231e-03,-6.967033402852073849e-06,9.998132018590903947e-01,-1.317576164504996372e+00,-1.027011463478982589e-01,2.363040085036078319e-01,-1.776719713879336415e-02,1.176523718072177427e-01,7.900785358583687357e-01,-5.993854101455745736e-02,2.417374256323540083e-02,7.701501408117106262e-02,9.695454042441117859e-02,-2.650348803255975563e-02,2.509878309094306856e-02,1.137176326033378926e-02,-5.075232732027090687e-02,5.049671340455337276e-01,5.438988958667872325e-02,9.806074927837110655e-04,-6.694207502041310542e-02,5.131655433087312090e-01
4.851165060679384355e-01,1.548927629231734542e-02,9.071492573528701087e-01,-1.932327085884329165e-02,-1.870081227580063952e-03,1.986032078975702268e-03,9.998095667056298153e-01,-1.280666064398001902e+00,-1.028243308566990644e-01,2.231599651166903953e-01,2.827011373987491777e-02,1.135114608110414647e-01,7.925656692660795200e-01,-6.614691020658114429e-02,-1.219499312037536365e-02,1.164972401181364192e-01,7.287058751121372469e-02,-2.628805744026741636e-02,1.427768771828061278e-02,-3.006124589078793680e-02,-4.175880888252159195e-02,4.879933842770622920e-01,5.160027073066141695e-02,-4.291424500321739527e-02,-5.603373201959226113e-02,5.149839974307682811e-01
4.907249223703603613e-01,1.421006902817059138e-02,8.937428188123555106e-01,-1.798964228405466534e-02,3.906065517783189386e-03,5.299030053902416965e-03,9.998165010156365717e-01,-1.141358313807300684e+00,-6.367195133301109533e-02,2.108001739990470469e-01,7.595383434308787540e-03,1.084997916050376987e-01,7.603354656735487049e-01,-9.548980040459424667e-02,-6.598145320175460848e-02,1.830560868598702651e-01,1.355940135972508176e-02,-3.088287756730911243e-02,5.473448143531777291e-03,-8.900980997231061620e-02,-1.578016276851290645e-02,4.071916978881285343e-01,4.828650247165663240e-02,-1.055820462191373876e-01,-2.884584442135985916e-02,4.649533421193690619e-01
5.000478109471949706e-01,9.066623770126579912e-04,9.116694681013637336e-01,-1.125125513002065564e-02,4.727459774503554868e-03,8.763862734395430620e-03,9.998871211752115018e-01,-1.144324226617868590e+00,-8.838962040573267176e-02,2.238440470087446899e-01,-9.381388545268154466e-03,1.266817290784211236e-01,7.654335533872720365e-01,-8.310095909424426719e-02,-8.049530564056564530e-02,1.839302579966377027e-01,1.530413911321573672e-02,-3.754309982089398812e-02,5.782442761479239524e-03,-8.775019837453307270e-02,-1.777367392631057710e-02,4.067753199183214985e-01,5.373327718580742790e-02,-1.045669986766371157e-01,-3.044395125076672717e-02,4.654365414818192326e-01
5.000478109471949706e-01,9.066623770126579912e-04,9.116694681013637336e-01,-1.125125513002065564e-02,4.727459774503554868e-03,8.763862734395430620e-03,9.998871211752115018e-01,-1.144324226617868590e+00,-8.838962040573267176e-02,2.238440470087446899e-01,-9.381388545268154466e-03,1.266817290784211236e-01,7.654335533872720365e-01,-8.310095909424426719e-02,-8.049530564056564530e-02,1.839302579966377027e-01,1.530413911321573672e-02,-3.754309982089398812e-02,5.782442761479239524e-03,-8.775019837453307270e-02,-1.777367392631057710e-02,4.067753199183214985e-01,5.373327718580742790e-02,-1.045669986766371157e-01,-3.044395125076672717e-02,4.654365414818192326e-01
5.063916081295753990e-01,-1.627826677342750217e-02,9.081141257475638939e-01,-9.570940364118698737e-03,1.614568007854548515e-02,-2.696201845414950005e-02,9.994602361656144129e-01,-9.953410998760285899e-01,-5.741248754255880854e-02,2.532355806764702288e-01,-5.781523279282274608e-02,1.714265080395260266e-01,1.239108312066184547e+00,-1.061760740669392133e-01,-1.839835980855694664e-02,1.788922034630834879e-01,-2.184587308150859331e-02,1.549912542996671749e-02,4.157922678850942133e-02,-1.037816996983283307e-01,-2.540710067118411367e-02,3.161933238145940850e-01,8.396595100266124323e-02,-1.141143467208450002e-01,-3.182308446726622719e-02,3.386427000585237046e-01
5.186660066188841789e-01,-3.502402825369857475e-02,9.024093922382296906e-01,-2.038807137089256732e-03,1.300947548781250171e-02,-4.568571809089594371e-03,9.999028577640003412e-01,-9.201968841434826629e-01,-4.404159539242991084e-02,2.130012310332843606e-01,7.531886009386229430e-03,1.512748386331743689e-01,1.210371991966240568e+00,-5.744764759685314082e-02,-1.397989483520058196e-01,5.354224132588569773e-01,-8.891046560974123769e-02,-6.369051967425996830e-02,7.636175141988610360e-02,-1.202058019307576386e-01,-3.310695416127188567e-02,3.723442580684434011e-01,9.200619853549957261e-02,-1.277549055304691150e-01,-3.167647747072623032e-02,3.405329703278578979e-01
5.347006321023315412e-01,-5.804875359850529548e-02,8.958584922549840401e-01,5.812689699560693452e-03,-5.092164977900744447e-05,3.280793348464206005e-03,9.999777229720904215e-01,-7.111040296159939489e-01,-4.918446658661729254e-02,1.637141129653151839e-01,1.695794232036618998e-01,1.417010238331499750e-01,1.293022649435964899e+00,-1.599070652075452320e-02,7.515146711538625568e-02,3.612073796439074780e-02,-5.999030674876397462e-02,-9.607703423329086445e-02,1.157866882678727088e-01,-1.526193953101806777e-01,1.182573435992988198e-02,3.716608954031281886e-01,9.841014441777591604e-02,-1.556453024600092105e-01,2.311480901525883591e-02,4.105985862942873599e-01
5.475204870761782860e-01,-7.982662430541544174e-02,8.692121943608148715e-01,1.549412439127009419e-02,-4.923661224120955485e-03,2.877098642409243231e-03,9.998636966971546913e-01,-7.227199093528031693e-01,-1.195252154663314220e-02,2.056753053161989309e-01,1.451336961887960408e-01,1.637372586048012058e-01,1.272090356164598424e+00,2.753054506423303904e-02,1.596400740171893817e-01,3.277088710748782274e-02,-6.410043740720824945e-02,-8.848335127323544991e-02,1.230091476194929145e-01,-1.496982566121288216e-01,1.603883757443769903e-02,3.648124710111955715e-01,1.035096703031055110e-01,-1.528809008142762438e-01,2.760467901972123161e-02,4.072796267465453313e-01
5.475204870761782860e-01,-7.982662430541544174e-02,8.692121943608148715e-01,1.549412439127009419e-02,-4.923661224120955485e-03,2.877098642409243231e-03,9.998636966971546913e-01,-7.227199093528031693e-01,-1.195252154663314220e-02,2.056753053161989309e-01,1.451336961887960408e-01,1.637372586048012058e-01,1.272090356164598424e+00,2.753054506423303904e-02,1.596400740171893817e-01,3.277088710748782274e-02,-6.410043740720824945e-02,-8.848335127323544991e-02,1.230091476194929145e-01,-1.496982566121288216e-01,1.603883757443769903e-02,3.648124710111955715e-01,1.035096703031055110e-01,-1.528809008142762438e-01,2.760467901972123161e-02,4.072796267465453313e-01
5.572493465498173926e-01,-9.205704884585526326e-02,8.703297487253734976e-01,2.143001180357582969e-02,-6.941088836654588264e-03,-3.075957265761612193e-03,9.997415237784011977e-01,-7.831463692902930207e-01,-4.069661074298625003e-03,2.370077999820515147e-01,1.046260167079984121e-01,1.920615149329898963e-01,1.355906345368848465e+00,5.357695960456997086e-02,1.622792780646316879e-01,4.702390506100555256e-02,-6.281186086276832614e-02,-8.584012483808428629e-02,1.205254040445582486e-01,-1.430542965461331917e-01,3.487960415349642546e-02,4.394898602442791069e-01,9.046096744891690689e-02,-1.453836520798252041e-01,4.759974647017058136e-02,4.789962489394029577e-01
5.659757909302203238e-01,-9.886533809644115767e-02,8.746949758357037696e-01,2.718429210596278248e-02,-9.056206295389779282e-03,2.929620307604241525e-03,9.995851222957884419e-01,-8.770706296456814988e-01,-7.209682288938210407e-03,2.634322057418697627e-01,4.667638417379553484e-02,2.047590316471517569e-01,1.398391706437429827e+00,7.759241289376161976e-02,2.251906496703713345e-01,-5.825217228345987153e-02,-2.252311322317721021e-02,-1.097730850169611888e-01,1.207325264396962583e-01,-1.221923453006416860e-01,5.154644597185666782e-02,4.896580671310988286e-01,8.188591072708781282e-02,-1.221220081432081717e-01,6.442417228323120415e-02,5.343425760763783616e-01
5.735441985318191493e-01,-1.045728255657859679e-01,8.684312527284419048e-01,2.849573911583443142e-02,-8.991728890507508926e-03,3.927254146259295288e-03,9.995457560005307496e-01,-9.019831324055612720e-01,1.493206041852777367e-02,2.826889755226036360e-01,-3.797473533943822310e-03,1.876860981268489992e-01,1.302954201233766041e+00,7.521773260084260726e-02,1.915829263161527019e-01,-5.110634773621558491e-03,-1.676545058348505313e-02,-1.137629120327533078e-01,1.178222372632611037e-01,-8.080081474352143744e-02,6.123847303511037454e-02,4.846882524437063355e-01,8.439173580632225447e-02,-7.770905385989987368e-02,7.188438930774217195e-02,5.419116785871856967e-01
5.794332157546918660e-01,-1.031073000494548281e-01,8.795123305713670181e-01,2.797436265348448095e-02,-8.054359972498514528e-03,-2.858772342787123215e-03,9.995721033223450291e-01,-9.289220332668450819e-01,1.376346907752111319e-02,2.522339119003146335e-01,3.915772064970349242e-02,1.669155373057618075e-01,1.238324587534735066e+00,6.793033018532718126e-02,1.777488372887643386e-01,1.359456366925369114e-02,3.839502520667469054e-02,-8.763651004949316037e-02,8.379240289940806385e-02,-3.748464597955262351e-02,6.482159681561161513e-02,5.665998158962561870e-01,7.585912831641075660e-02,-3.562931232946320997e-02,6.958627937549952125e-02,6.227836715779628829e-01
5.851657459501873326e-01,-1.024386169268666213e-01,8.635835854837621284e-01,2.640273191020764756e-02,-3.102711805600479739e-03,-1.970594213897503000e-03,9.996446296987611113e-01,-8.924060182462142388e-01,5.440140671608946488e-02,2.049485300435687218e-01,8.458731000942160128e-02,5.831948668537363656e-02,1.094062219487077936e+00,4.586241436894868129e-02,1.655847654585088646e-01,6.676429701335022393e-03,2.912791770091814614e-03,-7.925329616802019583e-02,9.619538890626569416e-02,1.872322214003415558e-02,3.589279254818224935e-02,4.305649494451542769e-01,1.083891751688993155e-01,2.213085783515632982e-02,4.234523226397578222e-02,4.626575923684081992e-01
5.913931777373190313e-01,-9.111348649583804471e-02,8.867136048256253344e-01,1.712485553989404052e-02,-4.690747052352604342e-03,1.640441162094460545e-04,9.998423422241911052e-01,-8.876801492310416597e-01,4.190419369529162913e-02,1.571083000389383311e-01,8.763916917562200593e-02,5.465167514744645461e-02,1.090459804027852364e+00,6.585748141082220508e-02,1.512660613107173480e-01,1.245337531770614528e-02,7.411076833585258927e-03,-7.667521680059373457e-02,9.589609039560675896e-02,1.782004554899662557e-02,3.464970209470337459e-02,4.251187089945906994e-01,1.074901221103769788e-01,2.060498152434067642e-02,4.192426162230727948e-02,4.567653790133556768e-01
5.913931777373190313e-01,-9.111348649583804471e-02,8.867136048256253344e-01,1.712485553989404052e-02,-4.690747052352604342e-03,1.640441162094460545e-04,9.998423422241911052e-01,-8.876801492310416597e-01,4.190419369529162913e-02,1.571083000389383311e-01,8.763916917562200593e-02,5.465167514744645461e-02,1.090459804027852364e+00,6.585748141082220508e-02,1.512660613107173480e-01,1.245337531770614528e-02,7.411076833585258927e-03,-7.667521680059373457e-02,9.589609039560675896e-02,1.782004554899662557e-02,3.464970209470337459e-02,4.251187089945906994e-01,1.074901221103769788e-01,2.060498152434067642e-02,4.192426162230727948e-02,4.567653790133556768e-01
5.972957073393352356e-01,-8.065445789161844459e-02,8.849595004311092694e-01,9.258384285720297827e-03,-3.599926627429306681e-03,4.478896363397057677e-03,9.999406294055966926e-01,-1.133432673672718272e+00,6.487312271520016826e-03,3.398303784843549336e-01,-1.738512664785522299e-01,4.008182718120734123e-02,1.157401144216463562e+00,8.228905494454821778e-02,2.105857664559560860e-01,-1.002547445625360384e-01,5.655131351327562228e-02,-7.613039019257963891e-02,8.868473414256530796e-02,5.556031229133806537e-02,2.878423436056862933e-02,4.063063204580086296e-01,9.882057670275871952e-02,6.127594187040623364e-02,2.412166001893529046e-02,4.664183900941405447e-01
6.019846306831708738e-01,-6.805703230226060885e-02,8.798577698101306410e-01,5.169286770319841268e-04,2.371197583760599557e-03,-7.954210935419200185e-03,9.999654197696820068e-01,-7.942970106818977305e-01,4.052745894042025787e-02,1.328750853859969605e-01,1.257158232841135981e-01,1.496615568930387274e-02,9.975004123003801126e-01,5.309639169585612939e-02,1.129562286967796259e-01,4.543784268963034501e-02,3.902930987562706899e-02,-5.434230823911995883e-02,9.298817885121427040e-02,9.079864765269335392e-02,7.449879964967889845e-02,3.600021576071172902e-01,6.766147963398841392e-02,1.012495499347183525e-01,5.050710469545421910e-02,5.167454308439276556e-01
6.073473965973207322e-01,-4.781675185881967272e-02,8.769056005146559363e-01,-1.826601958620677375e-03,7.175584433125908011e-03,3.627283612188017536e-03,9.999660080857372124e-01,-1.116652717029026798e+00,2.986238938459742642e-04,2.912544656148484679e-01,-1.269968724551026329e-01,3.291887019771467388e-02,8.213365998027037929e-01,4.333890779547113631e-02,1.220229694798441178e-01,6.477173430931001952e-03,4.711204209003779647e-02,-4.096905511645514142e-02,6.679438084070465909e-02,1.755466313136368750e-01,-1.777990197447053278e-02,3.923794581534896242e-01,1.005703369408807724e-01,1.751311358977858668e-01,-2.561256834855704656e-02,3.819011596222743332e-01
6.142248418632776374e-01,-2.440146967159119787e-02,8.719356209932760393e-01,-1.372684163291431475e-02,6.240655407607220879e-03,6.377968408867181783e-03,9.998659657963380187e-01,-1.101690944597511601e+00,-3.558494845313935062e-02,2.577275667252007518e-01,-8.698311921774451450e-02,3.388686827751552499e-02,8.182320479307889638e-01,2.700366447074804138e-02,1.275760456395624853e-01,3.177714718439337421e-02,4.015386103895022402e-02,-3.654010889126985823e-02,6.634821944280430706e-02,1.699554599959168799e-01,-1.910786737333748653e-02,3.906993267519356938e-01,9.738422834087284707e-02,1.691444609049781445e-01,-2.672070502793186253e-02,3.804675047543569777e-01
6.142248418632776374e-01,-2.440146967159119787e-02,8.719356209932760393e-01,-1.372684163291431475e-02,6.240655407607220879e-03,6.377968408867181783e-03,9.998659657963380187e-01,-1.101690944597511601e+00,-3.558494845313935062e-02,2.577275667252007518e-01,-8.698311921774451450e-02,3.388686827751552499e-02,8.182320479307889638e-01,2.700366447074804138e-02,1.275760456395624853e-01,3.177714718439337421e-02,4.015386103895022402e-02,-3.654010889126985823e-02,6.634821944280430706e-02,1.699554599959168799e-01,-1.910786737333748653e-02,3.906993267519356938e-01,9.738422834087284707e-02,1.691444609049781445e-01,-2.672070502793186253e-02,3.804675047543569777e-01
6.223733386885715868e-01,-6.864458633933871040e-03,8.745485761061079222e-01,-1.846837768642305838e-02,3.529599518788761100e-03,-5.201538013207673145e-04,9.998230795460222309e-01,-1.101022876836229791e+00,-6.121862647663529888e-02,2.628694602135899228e-01,-1.006929098178948045e-01,4.716893982281517711e-02,8.115481299477481647e-01,3.167530652741855357e-03,2.481143028415124796e-01,-2.713014917465189080e-01,1.426476927565360764e-01,8.986615592905609906e-03,3.671518392487120586e-02,1.681325730601492818e-01,-4.411768554297493261e-02,5.067768273479373864e-01,8.727080096815562071e-02,1.693886455696243243e-01,-6.054243537543619463e-02,4.438866122018802485e-01
6.305740931290397810e-01,6.451739854389394041e-03,8.775078363825159489e-01,-1.857433944310968310e-02,3.796048278211304038e-03,1.557050599356160333e-03,9.998190633935484239e-01,-1.121058409094277675e+00,-7.590946934820311243e-02,2.344641020683677357e-01,-5.798283225568339611e-02,3.973749147404832122e-02,7.767427398830737406e-01,-2.843072172849722690e-02,3.588918458159613412e-01,-5.556873419108510070e-01,2.095624546381998077e-01,2.471752460351274092e-02,2.919494286265138933e-02,1.563084206225394956e-01,-4.893565736610124700e-02,5.441699460998102866e-01,7.463484355774996359e-02,1.581768365570240809e-01,-7.007089833344665175e-02,4.745191786942152823e-01
6.396170051562778402e-01,1.536949575149563346e-02,8.777775219324658318e-01,-1.669006994049611683e-02,4.538332706345579205e-03,1.462553264048738937e-03,9.998493416708227333e-01,-1.086362207052470108e+00,-9.034092062002017920e-02,2.170890720714480360e-01,-5.750502812644993356e-02,3.783298580097212843e-02,7.473102704743495028e-01,-6.016413542222342342e-02,4.449483865107817793e-01,-7.743743733114747396e-01,2.468176495548307370e-01,3.652309506590560584e-02,3.227051414358356185e-02,1.357193240620648000e-01,-4.592594314381475556e-02,5.425221239724004052e-01,6.771973396611256912e-02,1.375436737445683566e-01,-7.037121015393613122e-02,4.626223181951155117e-01
6.500633614078487055e-01,1.918602240632704542e-02,8.788049290104718025e-01,-1.396307494395395907e-02,4.506677229881410514e-03,-1.013997821849866145e-03,9.998918412542789902e-01,-9.787463121294777135e-01,-8.907204226268471137e-02,2.106601201573259918e-01,-4.446251605851581773e-02,2.040150736800986839e-02,7.187972653864099781e-01,-7.999060304300595337e-02,4.931952562848512800e-01,-9.024717960965500385e-01,2.589588576474805559e-01,3.752587596294500866e-02,5.477600661943968219e-02,1.111251097215444489e-01,-2.909180333127647441e-02,4.914868149144280829e-01,6.682188434699039281e-02,1.125808361327313295e-01,-5.401457662812825938e-02,4.204603813887829999e-01
6.625407177166399153e-01,1.888562183527037197e-02,8.739765590333811174e-01,-1.203346560867293510e-02,1.850713774793261157e-03,-1.128737781059153261e-02,9.998621733349699614e-01,-9.160115932922104909e-01,-1.125827729180531034e-01,3.233369101307388416e-01,-2.754312132522280798e-01,3.039347831291213525e-02,7.209026892922066887e-01,-7.940790441160326674e-02,5.213797791313248275e-01,-9.757546842546123145e-01,2.621770914597959523e-01,4.856489953713648278e-02,8.903251992582582319e-02,8.681605060368724480e-02,-9.690949786323281578e-04,3.904382138155250148e-01,8.110581204031423741e-02,8.956231105737846865e-02,-2.091825148349356345e-02,3.398389958483479245e-01
6.729748110371973624e-01,1.817301902349652970e-02,8.491971395479719353e-01,-9.752670307722310916e-03,4.652533108606738549e-03,-1.164474824587553164e-02,9.998738116361646222e-01,-9.095016117500113184e-01,-1.150946160135426916e-01,3.368611155384006461e-01,-2.480521145391564319e-01,2.675589241737990828e-02,7.266171186919730962e-01,-8.592661379916173570e-02,5.160491895206642532e-01,-9.819369469701021425e-01,2.608684804352865982e-01,4.674135429667680697e-02,8.548021390544756348e-02,8.208047960146891420e-02,-1.851912659153895357e-03,3.883717913624539220e-01,7.942988940392556318e-02,8.434977849319083565e-02,-2.181242585003115991e-02,3.387143295507289986e-01
6.729748110371973624e-01,1.817301902349652970e-02,8.491971395479719353e-01,-9.752670307722310916e-03,4.652533108606738549e-03,-1.164474824587553164e-02,9.998738116361646222e-01,-9.095016117500113184e-01,-1.150946160135426916e-01,3.368611155384006461e-01,-2.480521145391564319e-01,2.675589241737990828e-02,7.266171186919730962e-01,-8.592661379916173570e-02,5.160491895206642532e-01,-9.819369469701021425e-01,2.608684804352865982e-01,4.674135429667680697e-02,8.548021390544756348e-02,8.208047960146891420e-02,-1.851912659153895357e-03,3.883717913624539220e-01,7.942988940392556318e-02,8.434977849319083565e-02,-2.181242585003115991e-02,3.387143295507289986e-01
6.908887973768851332e-01,1.173752845749315328e-02,8.106736271668963933e-01,-1.278964151146710221e-02,-6.006440919811714685e-03,3.781860347026867047e-03,9.998930169122097755e-01,-5.944528336071059904e-01,-9.510199387665306536e-02,5.197231615714466013e-01,-5.439174158585724506e-01,6.090345018866988314e-02,5.278612696255502446e-01,-3.495747720808238534e-02,6.182322462329695734e-01,-1.202340168779851393e+00,3.798664010835745009e-01,-2.288478207281775811e-02,1.360759177185969782e-01,1.354045175911538224e-01,-4.538949669398098519e-02,3.067496644740802525e-01,1.170520775278603848e-01,1.379864167343258230e-01,-3.874813925912824752e-02,2.590599941687647401e-01
7.083662370710084311e-01,7.657354124614263249e-03,7.685882959791441316e-01,-5.919809903653780979e-03,-1.539736437350683676e-02,-4.599243981031073472e-04,9.998638234732778463e-01,-4.338791183056853740e-01,-3.781301099059897197e-02,6.633776797590672514e-01,-7.365221926072249570e-01,-2.917809835864434986e-02,3.825308736339808613e-01,-1.925264871915254722e-02,7.294140143672551702e-01,-1.312315994502744276e+00,5.360229202222628331e-01,-3.045487677325397352e-02,1.412028067929581299e-01,1.221999678529318289e-01,-2.733332950666338135e-02,4.343273672632964044e-01,1.285375840076205811e-01,1.243593419612909617e-01,-1.380991113083757799e-02,3.774996937282546483e-01
7.230693465618885929e-01,7.267519400429283544e-03,7.059356547110630098e-01,6.653405466866791143e-03,-1.576073647161395017e-02,9.721460363440390107e-03,9.998063935532558455e-01,-5.908624497711955081e-01,-1.675919689071908025e-01,8.749496461930188485e-01,-1.136778277478763144e+00,-3.337612574748280436e-03,2.186295253712539910e-01,-7.996989041557917011e-02,8.782348072374823733e-01,-1.663157995950579782e+00,6.732787984123732583e-01,-6.132732255130528276e-02,1.634231707741696238e-01,9.106647444734339292e-02,-1.821749414555960331e-02,3.346067321444770037e-01,1.554205817105971943e-01,9.104732967963381773e-02,7.826124575783539178e-03,2.827578398771455337e-01
7.344293864118267567e-01,4.678361337586627727e-03,6.266726378650433471e-01,1.647966569993677272e-02,-1.009642197071050455e-02,3.621662132613086629e-03,9.998066645333010261e-01,-5.903943354632485985e-01,-1.597434838680798497e-01,9.085109367767691957e-01,-1.150938475251610971e+00,-4.703626117322289718e-03,2.085352026045090290e-01,-7.830922236653900526e-02,8.979573097473592114e-01,-1.672406383133969499e+00,6.749307795658352482e-01,-6.280365373885100910e-02,1.604589233813615290e-01,8.849823561203806754e-02,-1.902612180480036871e-02,3.331997824059289570e-01,1.545153533027349979e-01,8.870236465096392742e-02,6.929831312858968778e-03,2.817598158339331138e-01
7.344293864118267567e-01,4.678361337586627727e-03,6.266726378650433471e-01,1.647966569993677272e-02,-1.009642197071050455e-02,3.621662132613086629e-03,9.998066645333010261e-01,-5.903943354632485985e-01,-1.597434838680798497e-01,9.085109367767691957e-01,-1.150938475251610971e+00,-4.703626117322289718e-03,2.085352026045090290e-01,-7.830922236653900526e-02,8.979573097473592114e-01,-1.672406383133969499e+00,6.749307795658352482e-01,-6.280365373885100910e-02,1.604589233813615290e-01,8.849823561203806754e-02,-1.902612180480036871e-02,3.331997824059289570e-01,1.545153533027349979e-01,8.870236465096392742e-02,6.929831312858968778e-03,2.817598158339331138e-01
7.439415650158696103e-01,1.317461065814416223e-03,5.235567681331791956e-01,1.438688031602130754e-02,-5.277454651644471022e-03,1.884604106294210423e-03,9.998808001029596548e-01,-5.562794335970657755e-01,-1.368475171194185325e-01,1.173803863633244404e+00,-1.842207218878129549e+00,2.060031455258998223e-01,1.371136052558538099e-01,-7.952137559099640984e-02,1.040911241252345132e+00,-1.986597738174607608e+00,5.893908364909008490e-01,-1.014000061515395179e-01,1.074660217209989499e-01,5.470187564060328966e-02,4.373221630344766020e-02,5.855627033762680345e-01,6.485412371104681828e-02,4.840368434467195308e-02,5.688830587716221798e-02,6.374810851845662540e-01
7.509336763374032664e-01,-1.086953086563530527e-03,4.004169325866303031e-01,9.198248781946079949e-03,4.257080592925063106e-03,-3.840202042711267274e-03,9.999412594409943233e-01,-4.372632683068112813e-01,-5.144151367611465853e-02,1.349190266949937378e+00,-2.416839822419610151e+00,3.578326599688697041e-01,8.114527547548380793e-02,-6.331122416954786114e-02,1.179587681020965784e+00,-2.316424514500552867e+00,4.434100996002438011e-01,-1.575273391651697552e-01,4.536826846870382207e-02,2.402393024633976346e-02,9.623010112164764873e-02,8.466377152614634749e-01,-3.664778492363407469e-02,1.630066871354705904e-02,1.005087909291988157e-01,9.764798343540646020e-01
7.616364906337824703e-01,-2.055356879357849928e-03,2.532305623733966948e-01,6.459836878687409342e-03,6.808777510943651336e-03,2.296165702077470130e-03,9.999533182500950357e-01,-3.147830932318505526e-01,1.398892349665871448e-03,1.484274607083436281e+00,-2.961013817319015473e+00,4.689544605640977304e-01,-4.758641872663452177e-02,-5.067745967470452251e-02,1.350218699809407230e+00,-2.709512634306382228e+00,3.213742210635332497e-01,-2.498218285256026128e-01,4.791134604554804499e-03,1.379718032560745683e-02,9.124300725243625343e-02,1.023979733926870583e+00,-9.040143892431357076e-02,1.334564952384265091e-03,1.040220454403969208e-01,1.138662949153900872e+00
7.754260118435687410e-01,-3.186539396331805867e-03,8.268492311121439231e-02,3.950807734366804103e-03,4.399595403111160839e-03,-8.742119297169359884e-04,9.999821350564402911e-01,-1.653835754675088698e-01,9.736114008010776644e-03,1.615583766314373948e+00,-3.447772708728866320e+00,5.508551939832064814e-01,-1.578448836878558748e-01,-4.210441336272731372e-02,1.537743747896539448e+00,-3.105520784426846870e+00,2.810511044377820289e-01,-3.341323140723408414e-01,-2.162671795208663539e-02,1.115892548862314378e-02,7.662262916191331374e-02,1.156541991371160094e+00,-1.196221236624301631e-01,-1.013930593970142381e-02,1.036553572111987981e-01,1.229529995356286376e+00
7.915682162789456910e-01,-5.853995283952334594e-03,-1.112783775158330823e-01,4.318688504325001571e-04,3.946573945393220834e-04,2.912507191093432579e-04,9.999997864539049708e-01,-1.637765776896613068e-02,-4.540459551645625175e-03,1.766196608184005923e+00,-3.851759438415358172e+00,5.368169886813692893e-01,-3.000914407423046493e-01,-2.268355392003822413e-01,1.646508121533544200e+00,-3.576705210337393748e+00,2.519569448874823259e-01,-4.199916630178008869e-01,-2.671320948628020178e-02,8.079778806410370037e-03,7.142877854610144017e-02,1.183462507330918623e+00,-1.142869700509540759e-01,-2.398901684463887463e-02,9.922689331492089149e-02,1.237849051339130035e+00
