0.000000000000000000e+00,0.000000000000000000e+00,0.000000000000000000e+00,0.000000000000000000e+00,0.000000000000000000e+00,0.000000000000000000e+00,0.000000000000000000e+00,0.000000000000000000e+00,0.000000000000000000e+00,0.000000000000000000e+00,0.000000000000000000e+00,0.000000000000000000e+00,0.000000000000000000e+00,0.000000000000000000e+00,0.000000000000000000e+00,0.000000000000000000e+00,0.000000000000000000e+00,0.000000000000000000e+00,0.000000000000000000e+00,0.000000000000000000e+00,0.000000000000000000e+00,0.000000000000000000e+00,0.000000000000000000e+00,0.000000000000000000e+00,0.000000000000000000e+00
2.186474564548825938e-01,8.474507431231075028e-02,5.793899061104355180e-02,4.704091359144652040e-01,-4.683907049092222441e-01,-4.316666722851689730e-01,1.686898735114882797e+01,-1.489707283841967156e+00,-2.339415770775031156e+00,1.720119545271781902e+00,9.260724226782166113e+00,-9.988014853204091992e+00,-1.647170800902166832e-01,5.677717503159379620e-01,-2.547622534201742894e+00,-2.416471540261409423e+00,3.708725541320193608e-01,9.899534721591269903e-01,5.794124539822607250e-02,-3.381842334796124394e+00,-1.844170473051299330e+00,1.871461838275059408e+00,1.090765639220601990e+00,-2.227510354094282885e+00,-7.977356116043111456e+00
-9.539800239912210600e-02,7.654780291796489666e-02,-3.704368183182324969e-01,5.760641084474747986e-01,5.699503796576983472e-01,4.264341171613461157e+00,-4.399622228708988558e+00,-3.416662910928485619e+00,4.800987056769221439e-01,4.333419944322628226e+00,5.161021179635938871e+00,-3.574043305954749172e+00,-5.772723356309594767e-01,2.785069349562085517e+00,-9.536958222265958796e+00,-2.887325542914937593e+00,-6.564736777587242500e+00,1.009813000132462335e+00,2.011359321233966990e-01,-4.195798011197657829e-01,-9.421915243311413946e+00,-6.230341693473080422e-01,1.320825683148767915e+00,1.715647251639436099e-01,-2.957162252120195234e+00
1.178749188096842038e-02,1.363579157690732457e-01,-4.335511321611226765e-01,1.844065351536118946e+00,-1.229962844961792756e+00,-6.894238066748874516e+00,2.645391310088642811e+01,2.340147530056519987e+00,5.359490434693078065e+00,-1.039574712824417624e+01,7.242925073959860072e+00,6.600685717694569021e+00,-2.398411871487737379e+00,-6.023552046886749167e+00,1.318484043443829279e+01,1.873773073247145149e+00,5.320260501434090017e+00,-3.424127270496612141e+00,5.702171533771292822e+00,-3.367537066411563806e+00,2.147748777080159144e+01,-1.914001914686695560e+00,7.816687892221215961e+00,-6.151237556649070015e+00,2.227612327491673128e+01
-1.932269065727910684e-01,-4.967947357175313550e-01,-1.260182664322845758e+00,7.207699526276043489e-01,1.882153522121918110e+00,3.115185999383244919e+00,-2.336144976375174664e+01,-5.841671551921918670e-01,-4.351009337961028400e+00,4.026497070407675238e+00,8.153684683541193579e+00,-4.329791932863598092e-01,-6.141830916881680924e-01,-1.302387739598725780e+00,-1.277834689825397163e+00,-9.055564471719870667e+00,-5.504404662493348255e+00,4.627763120996659651e+00,9.623049166682575262e+00,-2.425336824723611784e-01,-1.456274110745541250e+01,8.772698950972921850e+00,1.059317622738126197e+01,3.479225983509742548e+00,-1.173765443946294695e+01
-3.086912229031570365e-01,1.218116769793569976e+00,1.675220399829585149e+00,2.348470811233682731e-02,6.396210607579961849e-01,-1.048273290744674568e-01,2.716578522449424327e-01,3.098042544268713616e+00,-3.864836906620685575e+00,1.513994185028685990e+00,-2.242449270761603941e-02,-5.466846268952165744e-01,-7.590921987343300925e-01,-3.438922704476738978e-01,-7.325352858770713960e-01,-2.077428901422173624e-02,3.680118976322610536e-01,2.927404130700859142e-01,-8.221683778227451000e-02,-9.274246485921344707e-03,3.751227097919240805e-02,-5.663853899775972423e-02,4.356342802582755525e-01,-1.611633628260600304e-02,1.993025132342296502e-02
-2.715968224052403568e-01,1.574070683658431502e+00,4.343989743795892977e-01,-4.718840510364057939e-01,8.398448801102533778e-01,-2.466118991712809461e+00,5.598897892080522354e+00,-2.600251769057343676e+00,-1.262873314457797491e+00,2.102493801106225746e+00,-9.476604124934048912e+00,5.020397169856392061e+00,-2.636607079954072841e+00,-3.386363211442378063e-02,-1.782214043576896279e-01,-5.211835137307874177e+00,2.625575930004090175e+00,8.749324754410303662e-01,2.207852059297146230e+00,1.414780643830170215e-01,-7.408202522684550928e+00,5.123669542819442313e+00,3.249217279326474639e+00,4.341282320907923875e+00,-5.545322310049956016e+00
-4.314249020047900007e-01,1.372919079996807401e+00,2.046245513328835974e-01,-8.847593212693511955e-01,4.804456206343313829e-01,2.336683155763572550e-01,-8.470889420684066806e-01,-1.078678825395703367e+00,3.680827568803277661e-01,5.207640713668690857e-01,-1.558965843204076052e+00,9.302704400881765423e+00,-4.976307756740616206e+00,1.509756406989290944e+01,-3.251223026301926211e+01,-4.359282906351884535e-01,-1.190543149561059444e+00,2.067183851314768894e+00,-3.652816744909661573e-01,-2.441103500815534399e+00,-8.147959322036243179e+00,-1.382023893275892590e+00,-4.076672663678770903e-02,9.810569755991140894e-01,-8.553934837224122845e+00
-4.245571968431747778e-01,1.122162679507797023e+00,2.309825123209578446e-01,-8.511110586621659646e-01,6.606621965066877822e-01,4.699713748720932838e-01,-2.352656312782791304e+00,-8.997460192656550060e-01,-2.142067464089747908e+00,-7.633322272347520254e-02,-1.139912351193191453e+00,2.113493141435714762e+00,-5.814121394614848448e+00,4.163391154437732666e+00,-1.363966628370226886e+01,6.165000904634096557e+00,-2.835040565865909024e+00,3.634274175801775364e+00,-3.694593956116839273e+00,-4.039416346374661515e+00,-8.327561366851250924e+00,1.237711046763870115e+00,-1.824919893213292177e+00,2.135949390717866159e+00,-8.813198016077505415e+00
-2.748011417577419513e-01,1.099998553833547499e+00,2.667251638221129761e-02,-7.386614164931519788e-01,8.095778216364402091e-02,-8.462924192196294992e-01,4.961379490894741728e+00,-1.162171188543956735e+00,1.071743998546589971e+00,1.040846595348016379e+00,-1.261782098149462072e-01,2.185565038366451329e+00,-1.001265709207625676e+01,1.496970217014260029e+00,3.747107230265083189e-01,2.024243628368501469e+00,-3.513711051453854761e+00,4.419836245057982005e+00,-8.285180952997121651e+00,-6.373594119894276488e+00,-2.397492198668362384e+00,-2.770595254311768230e+00,-4.054453049977160717e+00,-6.171030548321896347e-01,-4.446732910313489384e+00
-5.245961635659543987e-01,1.009247036523869712e+00,2.190914791673489459e-01,-1.132655639310637952e+00,5.689602152181807426e-01,5.350863526485705179e-02,-1.111551582997521770e+00,-7.693673518759240881e-01,-2.825823024555792262e+00,5.793526356644684849e-02,2.514598683024952042e+00,5.303755275495182886e+00,-6.203831075716067289e+00,1.785126877590081040e+00,1.050134002261604671e+01,5.226334784272806289e+00,-4.054560614855931888e+00,2.070440594864218831e+00,-9.730827130229958044e+00,-2.067350531159227067e+00,7.554084632889950690e+00,-9.895507644168208827e+00,-9.456528371896515850e+00,-2.192242600888794080e+00,5.634419166278131996e+00
-3.539100062724944706e-01,1.063266195938574077e+00,-9.560445239247711280e-02,-7.467737644534384600e-01,-1.595013655952555176e-01,4.215192099988250285e-01,3.350804123067303131e+00,-1.770044534403652836e+00,1.709345226128469175e+00,2.134333665209749764e+00,-1.987632118940796833e+00,1.841593121257232735e+00,-1.627366601275320512e+00,-1.155912832593974926e+00,9.737754518666303483e+00,9.140421928299868881e-01,-3.211264125002165404e+00,-3.896362054891980620e+00,-6.599226962282116915e+00,9.912869151713694649e-01,7.578302981658073811e+00,-5.072295332714088723e+00,-1.123230822002556906e+01,8.732418122396264692e+00,2.029049548875527620e+01
-2.726714353383863365e-01,8.024921226564859511e-01,-4.069726803542244586e-01,3.086579192489526946e-01,-1.653721233559089510e-01,2.707328898081617030e+00,5.992920636056902062e-01,-5.489752888637540185e-01,-1.102838340286627528e+00,-2.855743131886891994e-01,3.064808418335536189e-01,-1.075309990956113904e+00,-4.286036062559361870e-01,9.760573674118537824e-01,6.376357951770881272e-01,5.086226858285980423e-02,-2.683808275605161775e-01,8.720394811344389652e-02,1.355814712581723036e+00,1.413796838881364870e-01,7.205598951000613539e-02,7.222688578962843664e-01,8.461969983960777597e-01,1.577068653068049997e-01,-4.556957115867277253e-02
-2.769834545449186280e-01,8.175241231198924208e-01,-4.218419379529840252e-01,3.457826954894471783e-01,-1.588618438477581440e-01,2.784205057772244807e+00,1.402602128461759801e+00,-2.549593040612443851e+00,-1.950015495660070819e+00,7.100516321983038281e+00,-1.645225739553555755e+01,-1.175516239031300092e+00,-8.976659362705683431e-01,-2.355175569980241246e-01,4.150295903981650270e+00,-7.504350516995701881e+00,-3.591161077714377092e-01,9.451404186040333888e-02,1.318652336623897359e+00,1.237832700637789413e-01,2.562508915788766495e-02,6.566434216531067403e-01,8.224217068657418972e-01,1.653094809885110594e-01,-8.729608760493466624e-02
1.883879701504579951e-01,5.333472748766189264e-01,-1.025558408462971638e+00,-2.537539463060880518e+00,-1.441437889653523374e+00,-2.808582926203937902e+00,5.141231952835555674e+00,2.309859459202892928e+00,-8.896792853075563556e+00,1.727767254474766645e+01,7.369629805181965310e-01,2.118747214618351293e+01,1.272164764841746676e+00,1.531711626390069902e+01,4.647925927027903192e+00,-2.303442623034088754e+00,8.914039718457239303e+00,1.775979205914055559e+00,-2.946327268108229536e+00,1.942498638117051257e+00,1.062617133872123354e+01,2.785020836098442309e+00,-2.156013636588885785e+00,-2.546006216401459632e+00,6.698136276247532273e+00
1.876915641249614075e-01,9.790824944952585263e-01,-1.252055997612840033e+00,1.862037742378515048e-01,-3.033748134079836234e+00,-2.887669533011380185e+00,1.193669283039182538e+01,4.655784301259746627e-02,1.021575866765204310e+01,-2.209253425072127186e+01,-1.142048927157863858e+01,7.012363757143290854e+00,3.910099115161244754e+00,6.266080531851960345e+00,-1.100693238622307391e+00,5.502956162015074426e+00,8.547373781743731413e+00,-1.100057957595574720e+01,3.194232201200169374e+00,-1.860523386017653991e-02,-3.200013714657600872e+00,2.353950297120746438e+00,-1.291644892013872781e+00,-6.899910747735980010e+00,-1.714776479791560782e+00
-3.275033977408296493e-01,1.421856174692205155e+00,-2.493077295134717097e+00,-7.016337882172923868e-01,-1.845155053074766460e+00,2.899876401874652121e+00,-2.418074445428608499e-02,1.027888371093895192e-01,-1.807226530046252222e+00,1.339024725360964396e-01,-9.045745681970503327e+00,-1.570996419428629665e+00,8.124459386158129348e-01,-3.838502090581034309e+00,1.309047139740228616e+01,1.951667991192949980e+00,5.031362876988656474e+00,1.167137283124210256e+01,-2.918339366575620275e+01,2.299053724373657559e+01,2.204946530478538591e+01,2.417714977507292584e+00,-2.575249008224287905e+01,1.440372714792075826e+01,1.175886174397258799e+01
7.625367313440878370e-01,-2.009997045231392665e+00,3.714105477576880254e+00,2.533698030459172301e+00,5.245265817546322928e-01,1.038849923121335284e+00,-7.646073639109506326e-01,2.946018037994861949e-01,2.710204697210660818e+00,1.991684219471687944e+00,1.711351130790461639e-03,-2.610829660395888041e-01,-7.930003645550631752e-02,-1.227454387146229564e-01,-5.073593985249829075e-01,-2.301904417400906233e-01,-1.350114037011240775e+00,-1.002977381757721886e+00,-1.024459212711192890e-01,2.585026720397465283e-01,1.179256833161588247e-01,3.041115964284548667e-01,-8.107521884471324825e-01,8.265948139758449997e-03,3.729026834036730520e-02
6.580124231323158934e-01,-1.735447629528061642e+00,3.681929204305401271e+00,3.452513759334297383e+00,9.011407828375207485e-01,-8.249248764454104599e-01,3.603150405964888225e+00,-3.775155129838809742e-01,4.579040786316606493e+00,1.468833514814980701e+00,1.557910644929272337e-02,-3.226814155112125881e+00,8.792799674435867630e+00,6.235545561665627012e+00,-1.790848929962245251e+01,1.074916764427959670e+01,6.171419037323440104e-01,-1.516983662329101534e+00,-6.140192081203872387e-01,2.809790107060989861e-01,1.320722669017937445e-02,1.277016445470203543e+00,-2.664452699832744464e+00,2.703595728599426096e-01,-8.640042475826483770e-01
5.593190874507351085e-01,-1.617512156364818043e+00,3.768191466742603968e+00,6.545357688280302177e-01,3.052638016968789447e-01,-9.431987116458429909e+00,2.053569048301816125e+01,-1.840884932922058237e+00,-8.926747596899478054e+00,3.034592941029632485e+01,-9.501294556149687764e+00,1.666264540820626472e+00,2.708429110722684996e+00,-1.587230269695135121e+01,1.441427040107365798e+01,1.070142368505067054e-02,9.179807557207471547e+00,-4.392906846533369603e+00,1.751481481473546653e+00,1.004553133736962778e+01,-1.132213578450671143e+01,-3.055083376911850834e+00,1.087453876159965027e+00,4.709064771129976457e+00,-6.828028368847426144e+00
1.430129362508222979e+00,-1.502489829016945500e+00,3.588170070082609353e+00,-1.084254830398949210e+00,-5.137793864318751513e-01,1.559558962649935765e+00,-1.027297557977196618e+01,-1.877298158204800504e+00,-2.318429901454180708e+00,6.184970691245013086e+00,-3.921027312804935328e+00,-1.006846248018009149e+01,5.096094450822052480e+00,-6.113377520674964316e+00,-1.054873284953787405e+01,2.626687436731642400e+00,-6.350651483636546857e-01,-1.615912395070249197e+00,1.018448539542401221e+01,-1.821262153701674436e+00,1.252079249830519103e+00,6.480993176761439045e+00,1.022617483195686461e+01,-6.432262276507681342e+00,2.291074163245526485e+00
1.386882743164483234e+00,-1.913394026322744468e+00,3.046286374278786901e+00,-4.046762939997956554e-01,-1.835962946453739697e-01,9.063500151775384595e+00,-2.124839400153825153e+01,6.307186392441654910e-01,6.773284537383741366e-01,-6.355875989107476087e+00,-2.646015884155090703e-01,-1.355100805584096690e+01,4.410132470156058027e+00,-4.294873522802157062e+00,3.978569756327079432e+00,-2.822374871602623791e+00,-9.853619245236377111e+00,1.365330512278724928e+00,9.969805930694917606e+00,-2.525828892051386720e+00,-2.350316939652654646e+00,-2.771693389704150690e-01,1.103106260664157290e+01,-2.685561441994210430e+00,-2.761706681380331041e+00
5.469418345364783773e-01,-2.529289475955131650e+00,2.425599570680953221e+00,7.843310660018385505e-01,-3.811549199712390701e-01,-1.810236095783395172e+00,-4.641332335030835310e+00,3.286805181978766477e+00,3.828698816325198706e+00,-1.460446939599028582e+01,1.784704387198670528e+00,-1.510798829232951945e+00,3.238202372426106646e+00,-4.114283088385580989e+00,2.678497033223793622e+00,3.998566398602898531e-02,2.224200590082686446e+00,-2.270575525632581915e+00,1.050617798829616945e+01,9.547555065076624992e-01,-1.767733238133202045e+00,1.015153197442553390e+00,1.110048402166894377e+01,-1.904693213015566933e-01,2.202992629098062594e+00
7.127326523629118338e-01,-2.358256200584450291e+00,1.703957061085892510e+00,1.730483148592877995e+00,2.876363450024040924e-01,1.571372388834102463e+00,-1.503084997975282100e+01,4.648052984615396177e+00,7.790901499770940930e+00,-1.765240197900033436e+01,-1.696913091318549949e+00,-5.854597141368317104e+00,4.214865993053527049e-01,-3.066918853726664729e+00,-6.057906403193569211e-01,-4.587127844159446965e+00,-9.719091623672850844e-01,-7.269605295188030780e-02,1.340775680181392104e+01,-9.785253601332394524e+00,6.203185081803083811e+00,6.764406959857588220e+00,1.214129947614541649e+01,-1.015473249326935523e+01,-1.490708892373588057e+01
2.588644963223434847e-01,-1.374061269799901286e+00,2.021986932479021615e+00,1.269545081585600421e+00,-2.320691250018613871e-02,-6.254772322067698731e-01,-5.949729172025843837e-01,-5.413842253256548886e-01,1.479380255675051714e+00,3.769712506484985681e-01,7.788288905945672802e-02,-5.105539745168021781e-01,3.426449102964485238e+00,5.647004683642906642e-01,-6.592963674109586503e-02,4.497462957306908038e-02,6.981591905209216797e-02,3.297632515123138930e-02,2.997755077527219925e-01,2.148207383418441196e-01,-1.410933681094164172e-01,-4.130622983336884602e-02,1.757934808580916553e-01,-1.378581780114096489e-02,1.088800808379470908e-01
5.062710836312662721e-01,-6.631913297330250812e-01,1.073822350748561139e-01,-2.884866201888192094e-02,6.416059578139542419e-01,-1.092044180552795751e+01,2.527399548646985039e+01,-1.600194458709363943e+00,-8.130442379681315224e-01,-2.083757848978392779e+00,-6.867153114846311190e+00,2.295645480327299026e+01,1.327388778522757828e+00,7.590799556159853800e+00,-5.207748679774718781e+00,4.304160419308047381e+00,1.004263387168209753e+01,5.384456144950538814e+00,-8.442118067327712971e-01,2.077112279753757562e+00,-1.571406393812233304e+01,5.555356532022853955e+00,-7.033387460172535466e-01,6.865904919619683078e+00,-1.107442082390951832e+01
6.101192339933769748e-01,-3.800608327403386943e-01,-3.311508710402559785e-01,-9.095677760817570956e-01,6.798885992317773574e-01,-2.554958554282976024e+00,-1.211020582494676034e+00,1.973510764356780189e+00,-2.197036529519362791e+00,4.743992744726534205e+00,-6.663641311315409155e-01,4.837836468539894241e+00,2.514953082647130245e+00,-5.593793030730748406e+00,1.010251657454639407e+01,-5.368801551219966939e+00,2.700313786053962772e+00,1.181462897241306820e+00,-7.911636980451286494e-01,3.469535626210556778e+00,-4.585726720621661201e+00,-1.005093676738136210e+00,-3.238578169154203046e+00,3.629582417165512442e+00,2.175844399786504013e+00
6.826842806009634224e-01,-1.912159167353434386e-01,-6.724602175695305606e-01,-4.485231470636924511e-01,1.881526145857316812e-01,5.149044050411522022e-02,-9.857893842250795569e-01,1.964779329227510418e+00,-1.978767903013635809e+00,8.306154710388902629e+00,4.770610329495404756e+00,6.592422566545923956e+00,-1.121416959153819892e+00,8.890297673363441788e+00,-1.193969411707045047e+01,3.706599502195327744e+00,3.497839026616946789e-01,-2.759703082224378434e-01,7.707634656147586139e-01,1.785875061918924089e+00,-6.855007220898561293e-01,-1.859250338148376258e+00,-1.740362486283178356e+00,3.810208064209968715e+00,6.611539649945020081e+00
5.334027954686013651e-01,7.899923846600309663e-02,-6.081535551959083019e-01,5.784582798667129433e-01,5.007022599535014828e-01,7.906218873668694469e-01,-5.153274163741083491e+00,-1.430987478850037631e+00,5.097585602607759725e+00,-9.466543146503859418e+00,-1.419955034844264219e+00,-1.768847816309300569e+01,1.318613778690358451e+00,-6.593075924944294286e+00,1.933650845868614354e+00,-8.002365834993074856e-02,1.620183865205734763e+00,-3.018637820797162696e+00,6.795909699047604668e+00,-4.636333437476771735e+00,4.444730420260810888e+00,-1.056184054659694116e+00,5.926110150386108444e+00,-3.935375745905171474e+00,3.541876639401852156e+00
3.411871114678842742e-01,8.324491607760282630e-01,7.576470335669240885e-01,-2.304694095504044027e-01,2.954861868853382312e-01,-2.238757744771352476e-01,-2.373953549716034672e-02,7.579819764746151822e-01,3.606695315450281214e-01,6.975835311125138105e-01,-1.825205799877949175e-02,3.117971638636767295e-01,1.089024120764088277e+00,-5.387201533522496533e-01,-3.114853662452343741e-02,-1.245087015514721729e-01,-1.002717660410981093e-01,-1.117936246783317600e-01,-3.349525949884863962e-01,-1.011035249310312523e-01,-1.434808443798463173e-02,-1.884721996765548191e-02,-1.099593128396980646e-01,-4.807725875466939414e-02,-6.632735483593110715e-02
3.809237813971982356e-01,8.858128759209100700e-01,6.365788553140094841e-01,-1.848578948875640171e-01,2.563654474452772836e-01,-1.031958858009489166e+00,3.132672215567854135e+00,-1.081826594051768842e+00,2.359694694640947610e+00,-5.768441475834043430e+00,3.303547309475654004e+00,1.184606957712730502e+00,8.316248480066910087e-01,-5.455401619263479107e-01,1.047058782576023861e-01,-6.148372486700696138e-01,7.116759808190420422e-01,1.589424126920923053e-01,-2.185753426372323838e-01,-2.916781503605490045e-01,-6.802207129991245660e-01,5.167244874485508177e-01,-1.165351888917752488e-02,2.642839657445394397e-01,-8.238276180624807266e-01
2.416287393136723471e-01,9.003372429072652450e-01,1.513574823313870166e-01,-3.363108323409423894e-01,4.663015346422994534e-01,-7.787867996878681254e-01,1.555702874330333163e+00,-6.954634671876865903e-01,2.079623926614913909e+00,-4.623998781405490810e+00,3.287594619667637552e+00,1.765592465961391078e+00,7.574621031151214101e-01,-1.030275097967155551e+00,1.458098754453281076e+00,-1.236077247842833349e-01,1.073977162712869360e+00,-8.091954375782386411e-01,-1.125526402737846876e+00,-1.093965725680700718e+00,-8.906245178081331204e-01,-1.116373796901758197e+00,-1.285330207086624377e+00,-3.839874978236303416e-01,-1.181028431153697600e+00
7.269320405651458206e-02,7.330448227697332619e-01,1.947714309438239311e-01,-3.623102029883997766e-01,6.089322908898310294e-01,1.212451286803606365e-01,-5.505820567276218824e+00,-4.092873942290780609e-01,1.876001065384593769e-01,1.255067314441833837e+00,1.776427746037958499e-01,5.913937479236052397e+00,1.299441917631185550e-01,1.052127347929733281e+00,-1.440477246513567344e-01,8.438505223414196621e-01,3.294632449730673374e-01,-1.330736422511716865e+00,-2.391114833524443206e+00,-1.809874671095612619e-01,-1.480195689225633160e+00,-1.478954323054336051e+00,-2.321279258406701906e+00,5.163044811662504951e-01,-1.461512909468980048e+00
9.115526758694350584e-02,6.243185131497704932e-01,7.274380483499703898e-02,-1.819135011567504789e-01,3.023939515948047552e-01,-1.310537997561189161e-01,-4.681638925699454390e+00,-4.489381201861472048e-01,2.283776735205633734e-02,1.532984468133556266e+00,-3.774486444344604230e+00,1.023289343031896870e+01,-6.187216546529181738e-01,4.377152388516796222e+00,-4.059136754054673446e+00,4.443545727825590208e-01,1.363193915291282809e-01,-1.040050683098280526e+00,-2.865378197184922371e+00,-6.799666820212340035e-01,-4.482263259223946417e-01,-1.336347264978809513e+00,-2.572183540302674043e+00,-3.112450471625248793e-01,-1.878411039362219093e+00
1.511626881118265653e-01,4.329534051605936629e-01,2.200989698162938712e-01,-2.224897946176507824e-01,-9.786095576836412180e-02,-2.436929487793706994e-02,-4.264717984471149137e+00,-9.614091135297015978e-01,3.235130002448645570e+00,-4.172667921838625560e+00,2.919423454766211457e+00,7.777939893624600920e+00,1.006611413494044704e+00,3.646846501944588148e+00,-2.173222287285031751e+00,1.094152966317268882e-02,-5.707743950210818484e-01,-4.309942776845527845e-01,-2.810421243453190776e+00,-3.197606575409110974e-01,-7.795020220685229262e-01,-1.229756712351948611e+00,-2.751274471824301848e+00,3.231633554326490687e-02,-2.804183759262155462e-01
1.322674519080971889e-01,4.588612778441803486e-01,-3.056282966658276923e-01,-6.530564332723631793e-02,4.246058210432360203e-01,2.725568942905504111e-02,1.597665835142015212e+00,-1.341679160048431241e-01,-1.856266112888487640e+00,8.424757561507858483e-01,2.162983658811503673e-01,2.249187655717814316e+00,-1.356479586788708058e-01,1.751109817007482805e+00,-1.707714482597146199e+00,-1.334081755888707921e+00,-6.278466899313376315e-01,-4.543268041597947615e-02,-2.200847787994371529e+00,-7.456908755008048728e-02,-2.459019688289307837e+00,-4.531259751201994757e-01,-2.167321435876727875e+00,3.219378276508647052e-01,-2.024247296732460732e+00
1.048535138697563318e-01,9.034105845454221129e-02,6.576631683286653374e-01,2.805166316329517073e-01,4.165798937626092879e-01,-2.435804048902179830e-01,-6.883870072983189203e-03,-3.329918551556218520e-01,1.100661566421798909e-01,3.550093872186477761e-01,-7.001753449404424234e-02,2.974047224771034781e-01,1.043662217366990164e-01,-4.770501213312432487e-01,-1.429006768218643586e-01,-4.743301475604866368e-03,-2.149403112842677155e-01,-1.762398317337399989e-01,-5.079312491741783120e-02,-7.088851567989967739e-03,-4.387878077555562584e-02,-7.235813669187551866e-02,-6.677636248404894559e-03,6.911964412864846086e-03,-3.416657478344586885e-02
1.140779304644284620e-01,1.928927944765487790e-01,9.676233657614063954e-02,9.532542932419521553e-02,6.785230350972040192e-01,-1.017423585241489237e+00,4.781679133481080868e+00,2.521811295522032315e-01,-1.753087828361135969e+00,6.842982890326507750e-01,1.616862190780470776e+00,8.580227398798567773e-02,-9.833622096687690828e-01,-1.204576222288475496e+00,2.388434979277079595e+00,-7.512927033109180641e+00,5.513910824002808964e-01,3.794238367809996682e-01,-4.222440475922744629e-01,1.013399987410349701e-01,-3.547185200276786521e+00,4.331490984876541495e-01,-3.616021188241268502e-01,6.597531129897122870e-01,-3.259946366721889532e+00
1.084622367864614828e-01,3.552913313344097102e-02,8.260189350061908353e-02,-2.947365509730943689e-01,4.208336875939966970e-01,-1.259251799109268433e+00,6.624855283825603181e+00,2.402441913886173563e-01,-2.563341226024731689e+00,2.902859651520580453e+00,8.378690461450633009e-01,8.318923656423828916e+00,9.549506787555739340e-01,-1.355113504878679986e-01,3.840767813928344765e+00,-2.662404321263478479e-01,1.785781340372051829e-01,-2.734656182626533649e-01,-1.640353647981509733e+00,-7.770688638004497051e-02,9.614022511297108942e-01,-1.146416067326961219e+00,-2.053860765570994840e+00,2.758287613922028036e-02,1.241696011381611342e+00
1.646945907898737238e-01,9.272317906197655168e-02,-3.179056412872360848e-03,-1.438974596745441203e-01,-1.079607988806879360e-01,3.372971040917698282e-01,-5.946836183537484999e-02,-1.890502555650833694e-01,3.046551128011672382e+00,-6.319039805899626217e+00,1.386498471868021998e+00,-8.056746703380438746e+00,-4.383797434137342020e-01,-5.171231528564272928e+00,5.951339526519351608e+00,1.155541165236123158e+00,-2.300076983381583728e-01,-7.450361865420950247e-01,-2.767723120745208654e+00,7.965268124965582675e-02,1.198929480843168527e+00,-2.295697569639641999e-01,-3.203346393281746529e+00,2.002241396060370493e-01,2.033350733592356185e+00
1.557380343277629253e-01,9.108629862450601244e-02,-5.462272471345404057e-01,-3.795522632110518990e-01,1.856686169768245742e-01,1.209553159976583192e+00,4.188119283675723614e-01,6.077836870385068258e-01,-1.370375111312673866e+00,3.145962213036959554e+00,-1.616966157099335444e+00,-4.501088809912571875e+00,-5.239680822454706455e-01,-2.479804637158298242e+00,3.056705063939769040e+00,-6.633201390977985223e-01,-9.985367217541869511e-01,-7.397139991323009589e-01,-4.043029192092223667e+00,9.606006922156311578e-01,-9.322393700106634817e-01,-3.094951012312642802e-01,-4.310479215389296570e+00,1.704605684256897291e+00,1.297885318483354977e+00
2.448935203393745041e-01,-3.802497369478374800e-01,7.017180940616676299e-01,5.277813143981611166e-01,-3.238644728666962846e-01,-1.262462844155192165e-01,1.249088845365858846e-02,-6.231877407002760494e-01,-3.342072070233026437e-01,-4.537435681349544225e-02,2.003473684484924355e-02,6.352800114702183976e-02,1.192237109831962627e+00,-3.297173572379699102e-01,1.136964539447724576e-01,-8.269302260106026203e-03,1.332099639912445177e-01,3.714732066735682015e-02,6.782331423933651848e-02,1.662955129418564049e-02,-6.995996780468127785e-02,-9.001551482711978025e-03,1.188678894006995890e-01,3.735647855740875656e-02,-6.677359376039260219e-02
2.836997959026824057e-01,-3.939816782138706452e-01,5.742258720642658965e-01,5.654396701334821751e-01,-4.652526433343056045e-01,6.509951704752023893e-01,-8.598521169992752178e-01,-6.028389476768882815e-01,-1.866362427385650224e-01,-1.957958453497327111e-02,-5.428318845125184033e-01,1.143689656873307037e+00,1.200335372073132012e+00,3.898625722161528362e+00,-6.224700333161377941e+00,-1.232997189897932167e+00,-6.454764655620062186e-01,1.122531420724183215e-01,-3.259433345584936137e-02,7.998005471194230553e-02,-5.079300399478228201e-01,4.278606159932918374e-02,-3.875448846532805747e-03,2.205793394895279314e-01,-4.909207090655752226e-01
3.626216035970648011e-01,-4.334466791941719022e-01,8.079003389294753257e-02,3.256827613459229998e-01,-8.145706593287176389e-01,-1.096634645013426779e-01,1.772996358210306767e+00,-1.950849956165112697e-01,5.086776372991432815e-01,-5.145438104672939161e-01,2.889863755255089872e-01,9.061599369101654977e-01,1.587191250262624864e+00,2.574896214661069216e+00,-4.649294809495934544e+00,1.039437467508626423e+00,1.776760474472438567e-01,2.791848975919599130e-01,7.813192552771818233e-01,1.911649898097642075e-01,1.033884659307036102e+00,-7.140848741177339976e-02,1.079374921845514201e+00,4.007049072325569727e-01,2.502167062510075368e+00
2.819417981882527680e-01,-3.013576150327364478e-01,1.329282013842991439e-01,4.102109594128590109e-01,-3.850451874674685193e-01,-8.215706492382920945e-02,-1.248154657612158935e+00,-2.595447903837305170e-01,2.639546147471558690e-01,3.082571634171143993e-01,5.983945037083495677e-01,3.598779459455330176e-01,7.673642046511283121e-01,1.655321715060046550e+00,-2.774386316655416351e+00,1.338529913824229922e+00,1.047991347251040900e-01,8.145939246425133451e-01,1.582984793227335096e+00,-2.778104851474119674e-02,4.010143611416171483e-01,4.925376678013538845e-01,1.862451095664840128e+00,-6.631135433132312462e-02,3.979916647168431076e-01
2.312783816633175171e-01,-2.355506368212502699e-01,-6.757761458879141259e-02,3.924180233578345445e-01,-1.402236607076007280e-01,2.737314895357813027e-01,-2.773225826180114595e+00,-1.422275068154407462e-01,7.256421931500980915e-02,3.734691739607826078e-01,5.455756609569333282e-01,-4.780143863627666079e+00,-1.062788116290919183e-01,-7.130754121436235771e-01,8.656170192726921897e-01,-3.117143004484623781e-02,-3.185306169165914025e-01,5.277492266840910773e-01,2.209999873310890539e+00,-5.087224330252309440e-03,-1.942327085333788173e-01,4.874486497951419084e-01,2.243157963352449435e+00,-1.803340356884168549e-01,-1.321863469883118869e+00
1.695472552109464348e-01,-1.011027651588221610e-01,2.546080397500390946e-01,1.841969706344438185e-01,6.085819624153154805e-02,-4.185259985707165953e-01,-2.940352812486572986e+00,-1.883284897360039400e-01,-6.863389097021398433e-01,2.114650094579713979e+00,6.820606183599244865e-01,6.594888255820974265e-01,-1.084281482286726661e-01,2.521553540464670506e-01,6.218543233765805311e-02,2.631271412329108106e-01,2.645649980736153872e-01,2.917914672372723395e-01,2.437137243263455932e+00,4.538184912211580546e-02,3.806162506006194324e-01,3.737571042241305541e-01,2.420897147698195973e+00,-1.429569961829644242e-01,-9.849950152769167966e-01
1.669681253852463021e-01,-1.058351662194166320e-01,-2.663545278601905375e-01,1.352318222827187111e-01,9.910884126903038438e-02,4.093561941101976354e-01,-2.331081483267448018e+00,2.919205985065830289e-01,-1.005247849085759260e+00,1.861933114914716469e+00,-8.621650223063526131e-01,-4.951993115435414872e+00,-2.457448847374771039e-01,-6.345340814019260200e-01,-2.681447107447751943e-01,-5.146993073325241141e-01,-5.805949985235505650e-01,6.829287646273485279e-02,2.333193239148204867e+00,-3.069052949203415204e-01,-1.330947298244276489e+00,2.024268406779785312e-01,2.241359098939720518e+00,-4.470804978403729035e-01,-3.197931786849855573e+00
1.483121482457771256e-01,1.394793209084389807e-01,4.518924105829015270e-01,-4.018722076183635084e-01,-6.559792073760598030e-02,-1.655871858938784413e-01,-8.136355153981034150e-02,-1.547089785849299348e-01,-5.088724241758781908e-01,-1.003828069053724903e-02,-5.363893472517422545e-02,-1.179993452997765147e-01,3.179889901426408150e-01,4.323321500753818381e-02,1.067908208866626962e-01,3.745095384604513189e-02,2.641150246573720217e-02,3.613824419931601500e-02,8.181822886540990325e-02,1.487480242247396500e-02,-3.943860360395357034e-02,8.384720756600572145e-03,7.185697986693062589e-02,2.052111814341001095e-02,-3.963921108416013084e-02
1.497623036735734603e-01,6.673122212986905277e-02,-1.456534094235795163e-03,-3.254125117302442138e-01,1.003256752317163436e-01,-1.559163730391136538e-01,-1.148238099395960110e-01,1.842543954100558934e-01,-1.571653360850303049e-01,9.363973471136802784e-01,-6.733153375581026445e+00,-2.205219717160381787e+00,-3.527904640925960678e-02,-8.698408960583936533e-01,6.297778417152973818e-01,-1.613525653029362905e-01,9.474312247558028255e-03,3.120997178192332910e-01,5.371408010929770160e-01,-5.381947616079792995e-01,-2.341903682398383424e+00,2.423291803894400687e-01,5.115164148423265722e-01,-2.323601796988238877e-01,-2.488512652861290864e+00
1.047446002151578848e-01,1.568783207471777796e-01,-3.480573040735536472e-02,-4.063685095921152346e-01,2.631216804415804633e-01,9.643003260785948383e-02,-4.338232213400681658e+00,2.787003942493562203e-01,6.906623426155489298e-02,1.373167509354487725e+00,9.550895650669222192e-02,7.285403101869172282e-01,2.199660886783613711e-01,-2.070993994785967907e+00,3.729544351288331505e+00,-5.599352716128457308e-01,-3.241079299924186086e-01,1.575874326059618080e-01,3.234216692326092324e-01,5.145588396357269056e-01,-1.033479847476882485e+00,9.513845909920223831e-02,3.453762098062175268e-01,3.201137950691383405e-01,-8.462604170060707975e-01
1.659689259101951586e-01,2.610385712577650841e-01,-2.881033003344305454e-01,-1.945642544860696210e-01,-1.014083838670605253e-01,-5.049902500010257089e-01,-1.108594448691355705e+00,-8.465106450860448994e-01,-2.208920494467262241e+00,6.181635756415838401e+00,4.994249809141100838e-01,3.826854948500996390e+00,3.263930748090331235e-01,2.387834934848688917e+00,-3.467863595090977746e+00,6.830134866011358108e-01,7.097989241485420653e-01,4.088769443698917483e-01,-1.046440657735933311e+00,1.801556918545729413e+00,-2.187792886334279707e+00,6.864109176363115683e-01,-1.066319617823415555e+00,2.027046407293005448e+00,-7.750182680923597411e-01
1.766236788121689494e-01,4.010090495501312802e-01,1.185263728641927639e-01,-1.746756488153251297e-01,-2.377710583201585737e-01,-1.221539813863703472e-02,-4.778849569047228130e+00,-8.144853178297810636e-01,4.356384643844949167e+00,-8.658561282617032617e+00,4.937847424098114613e-01,-1.163400722849953883e+00,8.667277038155762892e-01,1.419918406061477789e-01,1.705866433281468808e-01,-6.696570685019472835e-01,-3.252260445481280904e-01,-4.206839680763485578e-02,1.726881079655751439e+00,-1.868754208198144529e+00,3.202649253308416100e+00,-6.404938314765495910e-02,1.526300454564536668e+00,-1.960007880101009903e+00,1.207220471113773730e+00
1.268415964504802651e-01,4.113115840390653699e-01,-4.416811678103357286e-01,-2.831294251923218153e-01,-2.653308460460074292e-02,6.790592109048138036e-02,3.543605499708997186e-01,-4.975690093867560782e-01,4.672129295650253589e-01,-5.135254790627268306e-01,-1.354586025313198605e-01,-3.748342787146552446e-02,-9.922390107114982261e-01,4.953835598335841750e-01,3.037558770786856766e-01,-1.137872408541006353e-01,-4.078761488522388845e-01,-1.704254066941118806e-01,8.185886209594661622e-02,-1.043251688344679629e-01,-5.159901624349583216e-02,3.889944271892349648e-02,9.470937481119512391e-02,-6.613550107426413582e-02,-1.046611322042878545e-01
1.213427588403515195e-01,3.455515460924747373e-01,-3.234363050826821739e-02,-1.756986136132301646e-01,-1.138691725134347577e-01,4.566097917949792917e-01,7.682807571846286265e-01,-1.767337488185469208e-01,-2.842037973544029761e+00,5.313782126843625164e+00,1.521383168999070334e-01,-7.904873824434399676e-02,-5.926060917134458039e-01,5.623884748621185148e-01,6.654845331619746451e-02,1.967357627972716738e+00,-7.772702769412065393e-01,-5.570004930100873608e-01,1.666547501035568479e-01,-1.146084969279420329e-01,2.394144260191395368e+00,-2.882367959843566418e-01,2.418922799112789290e-01,-4.726275941697843930e-01,2.081399993551652727e+00
1.330471208652189985e-01,2.451901650988340120e-01,-1.730967886620302099e-01,-3.329973366516482680e-01,-6.083247328655080888e-02,-1.318391353543607591e-01,-4.685616095202878029e-01,-3.081158428629709456e-01,2.076185641738564236e+00,-3.559712859504372773e+00,2.147579042038124886e+00,1.571273649570329667e+00,-5.070309232377714359e-01,1.168376174363460862e+00,-2.699878959842213266e+00,1.119261467273835464e+00,-3.045392399227271341e-01,-3.923846289658254882e-01,2.325917358304646354e-01,-5.557813155499705671e-01,1.392670993229107257e+00,-1.984359706429818515e-01,1.835074795296125216e-01,-5.813911052628278897e-01,1.170811754741639010e+00
1.203754459171636620e-01,1.308190662811385407e-01,1.196655118006496044e-01,-1.931493512185465389e-01,8.126200633017899300e-02,3.361615189941380977e-01,-2.088827279857998764e+00,-2.215107201880607557e-01,6.067576837025183689e-01,-1.008897774858530383e+00,-2.589380910168883609e-01,2.270588544269681375e+00,-2.606817370617453555e-01,6.970477435204216476e-01,-1.528790668481184056e+00,7.371179237160696562e-01,-9.099604004592716233e-01,-6.302398980908047177e-02,-2.900993337760480184e-01,4.166406385211796071e-02,-5.109256516874194354e-02,-8.052624379251815956e-02,-3.388439027937825143e-01,6.165745127160748851e-02,6.023512164305533378e-01
1.028531165516586160e-01,1.233583496832932058e-01,-1.049094257420236376e-01,-3.367979836134427085e-02,1.971356567904286594e-01,5.704961912890726961e-02,-8.074429612099320863e-02,5.930920270119013904e-02,-1.212035027091584505e+00,2.265847527190124389e+00,-7.445752872624509244e-01,2.089823330885683283e+00,-7.383676307881670287e-01,7.063303757508229141e-01,-1.036332890274933805e+00,2.341676365930084325e-01,-5.070086549977557144e-01,-3.272732071316840630e-01,-8.085185182285790084e-01,-1.330299661374521603e-01,5.748278163718292810e-02,-2.876081514560390184e-01,-8.686023176278677704e-01,-2.436988886760557138e-01,1.696652294469599420e-01
1.231116353232411254e-01,-4.764473940768620963e-03,1.649637581069410552e-01,4.177584415806559481e-02,1.710412446749920157e-01,1.794412998494036848e-02,2.384003338184791376e-01,1.119486967307993797e-01,-7.609410859876635236e-01,1.211480403900352165e+00,-5.291057127114228154e-01,1.432158414512940237e+00,-4.760628217461578271e-01,-2.130020744657954435e-01,9.800312092116565399e-01,-1.808904510719093750e-01,-3.528109573298318091e-01,-2.967828733707403854e-01,-1.125366552076109805e+00,2.668953640859696996e-01,2.906718792826153974e-01,-2.654682467637292653e-01,-1.192586874904171701e+00,2.785704402457057638e-01,6.514306272332652803e-01
1.165735861747697472e-01,4.466126878314538237e-03,-2.705324453216960690e-01,7.293788287447316998e-02,3.036982503040840942e-01,-3.257307964398212241e-01,2.217155458025877213e+00,3.195908936088285301e-01,-4.198802269068455106e-01,6.002492241038024368e-01,-1.401766765405227488e+00,1.928302011170823782e-01,-1.144566174023638139e+00,-3.542578089299018851e-01,9.117555454449273178e-01,-1.407484160125041184e+00,-1.378842307479211104e-02,-2.213749399048986488e-02,-1.240234053129507075e+00,4.448692674251364387e-01,-1.914721230842685973e+00,-2.802299633796880296e-01,-1.327411374382581055e+00,4.427483925555856792e-01,-1.214702019710556025e+00
1.868257420804343427e-01,-2.070961848796323834e-01,3.624119574232019803e-01,2.806477689671569298e-01,2.971658989275866025e-02,-4.925848003043448164e-02,-9.168266996287144366e-03,-1.782816876523985461e-01,-3.554605130238233102e-01,1.076097997888805780e-01,5.011417237219006893e-02,1.812832243706244684e-01,1.818057360034661674e-01,-2.728145908147422971e-01,-1.936130479073441268e-01,-4.291821413874274960e-02,-6.282574811665597725e-02,-4.092350776453911043e-02,-3.883288759405623125e-02,-2.937032505425007933e-02,-3.890693180623894243e-02,-2.319438184520317137e-02,-3.893503623269989333e-02,-1.672607777228607429e-02,-3.100713743443228587e-02
1.701918253545575688e-01,-1.371864631069564522e-01,3.244816361685393113e-02,1.563944812506151694e-01,1.706430862749974964e-01,-5.187992567490056217e-01,-3.199874641579613654e-01,-1.421492747311414173e-01,1.962730384768946568e+00,-3.829207127052883131e+00,-7.156788724582998640e-01,1.014931920278287825e+00,3.637148930302974703e-02,5.004345065256432523e-01,-7.077797359629904861e-01,-3.041626755013980166e+00,3.924361609369636517e-01,1.467865470623470059e-01,-4.190181591521038862e-01,2.370971804458552601e-01,-1.947245557614382561e+00,1.193276469000726925e-01,-4.582227513180560652e-01,4.970117584291808832e-01,-1.651813369444267376e+00
2.108215002441162500e-01,-1.778806462667467947e-01,-1.509534770602470322e-01,3.065203176941622143e-01,1.208671968593775375e-01,4.307791642238123497e-02,-1.072273455289446398e+00,-2.737026072143952105e-01,1.065128210089772764e+00,-2.173148617491490242e+00,5.063308176471363886e-01,4.364381867224469858e+00,8.553887516751907949e-01,4.409831269896297812e+00,-6.036661300156393573e+00,-7.843818430011375575e-01,-3.930506386405473451e-01,5.085894655217220173e-01,4.351081330470145114e-01,-1.153472252601874581e+00,5.344092618811913109e-01,2.584469129402559573e-01,5.461204281334854915e-01,-1.060214349059727335e+00,-1.246739375396110683e+00
2.168873163870223830e-01,-2.666760053145300624e-01,8.772523766289017089e-02,2.108858320508685824e-01,3.679806195281427883e-02,3.944769262446708169e-02,4.110331205158133550e+00,2.481086308604725232e-01,-1.672149629921141578e+00,3.084493393583231935e+00,-6.907500687643453041e-03,-7.485393970632895133e+00,-6.705817448813589099e-01,-6.375067660515927770e+00,8.459087512298278710e+00,-4.180948906387876307e-01,3.794463594260027994e-01,-7.231515262635668240e-02,-1.653210445550120089e-01,-5.803912622313556202e-01,2.307242322850529881e+00,5.778837250158839201e-01,1.189740821320128816e-02,-5.397346455247959973e-01,7.888084402572765885e-01
2.567196279557282801e-01,-2.498656393332969183e-01,-3.913276044951277122e-01,-1.945675626609741360e-02,-2.585558161814487110e-02,7.221681695982873350e-01,2.930063840829854271e+00,2.053021617347752792e-01,1.085803507709501847e+00,-1.586706390564599722e+00,-1.222752369520788029e+00,-2.784060631911756012e+00,9.146763479194770508e-01,1.740658330096206186e+00,-4.256737819518791710e+00,8.036182328188994362e-01,-2.893254936680001999e-01,4.694369399867110992e-01,-1.577022732809163275e+00,1.695702758884100492e+00,-2.760084183379828637e+00,4.869522888432131769e-01,-1.554772727816583267e+00,1.678702885167004943e+00,4.355871319007048048e-01
2.986378445464923925e-01,-4.514256195801887861e-01,3.980651964864403425e-01,3.378964125143217867e-01,-4.386254139113600070e-01,-1.133219534229843450e-01,4.804194829509933484e-02,-2.365521401758988174e-01,4.510505395090981251e-01,1.525746435072203866e-01,9.868627469360546911e-02,-6.453454224993926402e-02,-1.515503739656154369e-02,-2.006408251910209994e-01,7.256099356680447698e-01,-5.202177419867037855e-02,2.837559397658540039e-02,7.904770548831469013e-02,9.296373339283681148e-03,6.467410989587918380e-03,-2.547984018040860832e-02,5.422901163117715972e-02,6.850203092563678098e-03,1.071620995939182031e-02,-2.299430485206555019e-02
3.149772418242479666e-01,-4.767611791348648764e-01,3.343266795560707605e-01,3.107677826062685278e-01,-4.823686170102065018e-01,1.987416928943017691e-01,-9.705206909205349453e-02,-1.767440323998938911e-01,5.277323526150852206e-01,1.914123102702889045e-01,-2.329692544796378439e-01,-1.943521909538634240e+00,8.256345278247104735e-01,-1.998226554730438309e+00,3.521910294834613264e+00,-2.235800143100472148e+00,-2.805560348411353933e-01,1.507338004476938831e-01,6.246043918032543468e-02,-5.086286880522158937e-02,-3.558825494750243457e-01,1.219274140859882838e-01,5.739549398855427198e-02,2.034569996595979313e-02,-2.993027632832725993e-01
2.841763264889661245e-01,-4.285731087217815594e-01,9.651849989437596977e-02,2.149170080129947646e-01,-3.277037190205938089e-01,3.081650277817335470e-02,7.575568598580745272e-02,1.639438943753006583e-01,6.437006536624356734e-02,1.044958318423643506e+00,6.439623534828156082e-01,-9.891702968806297402e-01,6.818431645407859731e-01,-1.217008457396429044e+00,2.450435565464134324e+00,3.616839760066898890e-01,-1.198415779710894635e-01,1.086427736261510457e-01,6.103667378140888167e-02,3.240435293533884265e-01,1.313189096729514782e+00,1.209005969817710524e-01,6.808990557464705828e-02,4.521255666088872527e-01,1.433740566196349819e+00
2.315121739504646670e-01,-3.297156428302362996e-01,1.454270016410367794e-01,7.703258540872282012e-02,-1.799130186608833559e-01,-1.427105009195023255e-01,-1.423559661892477735e+00,1.904247654257161249e-01,2.912710371889304373e-01,3.123965431018207450e-01,4.977439616333503292e-01,2.055557278052182468e+00,8.370494867692833685e-01,-3.715945654847346846e-01,1.077548848590641928e+00,-3.477861169864479018e-01,-1.807010391973304375e-01,3.150910594896259576e-01,3.105856842707049870e-01,2.558228111461168242e-01,1.259688970763232385e+00,8.911868376865217378e-02,3.760491002348936296e-01,2.990189645926250028e-01,1.370878467716715177e+00
2.019640938340551972e-01,-2.708504774047851282e-01,-3.002854442618058117e-02,3.641047573915700414e-02,-2.617260088115710981e-02,-6.444373191711677551e-03,-1.166684113661314415e+00,4.799288773396057639e-01,6.254996474792107186e-03,4.883172029201684472e-01,1.637909683158235707e-01,2.594564175416276264e-01,4.065181769476993723e-01,-7.105125197986401631e-01,7.067549610606354005e-01,2.539788384053343062e-02,-2.058915138598338690e-01,4.010463614698698276e-01,6.544258823871212938e-01,4.971971894846474727e-02,-3.256579440633424749e-01,4.025374469008498046e-01,7.110251491632358922e-01,5.136741391906285426e-02,-4.511037897271235053e-01
1.571585563806348618e-01,-1.478350093078894534e-01,1.573060831199340481e-01,-7.553039676426731575e-02,5.661525964489332041e-02,-1.625276670293875902e-01,-1.095659917146304174e+00,3.738728495386171025e-01,-2.385522858702070204e-01,7.194684120794327953e-01,-3.288418607234098734e-01,1.100342647177451616e-01,1.580756859155224014e-01,-1.208807381958018734e+00,2.519779099734456462e+00,-2.001102823848932011e-01,-1.273713009654810768e-01,2.997391719578733627e-01,8.619109416537992230e-01,-2.193430474203752201e-01,-3.332530400215952815e-01,3.168731392971880223e-01,8.724072397043637350e-01,-1.939921950995588396e-01,-7.170690765364873265e-01
1.454557173259604097e-01,-1.352373552259554801e-01,-2.631046161217080459e-01,-3.515924855593701576e-02,9.757000021708954474e-02,2.263532249745201508e-01,7.403499890227882574e-02,7.641933448175510790e-01,-8.025292641653988257e-01,1.550725429504312469e+00,-1.169379422142729164e+00,-1.914284070702069407e+00,-3.328747398956777293e-03,5.695585905633526735e-02,-1.647556383696338944e+00,-3.140676053230301301e-01,-4.379324344512046663e-01,2.270322687348360069e-01,1.043364033863934726e+00,-3.576576312408042968e-01,-1.461442778574795209e+00,4.142632650644927361e-01,1.043082364043174781e+00,-3.632941239634716046e-01,-1.858793362777696245e+00
1.186423653618876861e-01,7.960373718233623719e-02,4.147669230670592566e-01,-2.950201718265526574e-01,-3.036906647742661225e-02,-1.765688718450338923e-01,-8.231393126071556710e-02,-8.184157606202424606e-02,-4.430089810639878389e-01,-1.800338709493980449e-01,-3.286466724429226716e-03,-4.817487427958488944e-02,4.014405533610770349e-01,2.116882772494640408e-01,4.905864582891168446e-01,-2.107310713034066252e-02,-7.740319091354241898e-02,-1.243557051806226665e-02,-3.403647650630436949e-02,-8.919127568679852125e-03,-4.400795090201636839e-03,1.664026844866339783e-02,-4.552826958394473600e-02,-1.293996467336522294e-02,-1.687549173308822148e-03
1.295438206431247796e-01,4.960826510204088130e-02,5.975165337691612510e-02,-2.024397329147037961e-01,4.342913004551025857e-02,-1.291197528895213220e-01,-1.339542326514582271e-01,-7.218335111340593024e-02,6.697691966663199548e-01,-8.339918660163181396e-01,-5.120090574685885798e+00,2.898036593164851626e-01,1.729255318306938682e-01,2.319896186733246157e+00,-4.899038841930808630e+00,4.464685447149258302e+00,-1.090677555418148453e-01,3.191025758826304126e-01,2.000485561169255133e-01,-4.487627906249395116e-01,-1.857258305498208584e+00,4.326283506411722213e-01,1.494891412770658901e-01,-5.154046335441320181e-02,-2.098444643802514165e+00
8.915907222338198546e-02,1.468073319295662982e-01,-2.207363968487777162e-01,6.484779907359450313e-02,1.720472787075386645e-01,-2.937015087918555534e-02,1.983326570788939147e+00,2.953325985692242250e-01,-3.209164816439404433e+00,5.390662067814500524e+00,-8.482636177765900953e-02,-1.880998438804407646e+00,-3.860545907384271280e-01,1.266619249409084658e+00,-2.401476877565891677e+00,2.846936481856898737e-01,-2.332290386575532060e-02,-2.414720856927588533e-01,-6.858160072866859025e-01,6.732734888143637741e-01,2.274642872480507894e-01,-1.964032048619891446e-01,-7.304579620832254427e-01,5.153541147036472259e-01,-1.426475021844355595e-01
1.359044019322427355e-01,2.466085992940460492e-01,1.624242251569530393e-01,-2.454306759862123766e-01,-8.680993695356958861e-02,1.559827883433031331e-02,-2.295730901783628486e+00,-7.878659035593954529e-01,4.329731226008646239e+00,-7.843792928925348740e+00,3.713425212772412110e-01,-3.172740242247133580e+00,-1.839026571415074141e-01,4.260556965456596679e-01,-1.590194239289015599e+00,4.375494905093644249e-01,-2.063787328740051552e-01,2.038491939423022759e-01,1.727975951902162022e-01,-4.749456694035761872e-01,-5.300043573469321867e-01,-1.633557957469444766e-02,1.527374845344329213e-01,-3.721160412679082041e-01,7.577933404061082401e-02
1.016822079751997510e-01,2.388047205342250234e-01,-3.198552687087644064e-01,-4.823499542630663162e-02,9.778526366762543831e-02,-1.443400459310797690e-01,-1.996096079273112167e+00,-3.481025339158986265e-01,2.500903775148275443e+00,-4.982116112077060066e+00,-1.675343303481985346e-02,-4.356516668176176665e+00,-3.240698790021215858e-01,-1.773599188166523621e+00,3.366956209799846000e+00,-9.511688767769430619e-01,5.287634222429193898e-02,-2.863577815418182348e-01,8.036923656542248606e-01,-8.738667501409295157e-01,5.570405723618023774e-01,-1.052683356811055931e-01,7.078008891169821348e-01,-8.997371278415002838e-01,-5.705793932691014536e-01
1.259380412956327688e-01,3.693031578592593789e-01,1.934750874709029733e-01,-3.822160150239383158e-01,-1.753568202952354438e-01,4.559003051436102960e-02,4.686740736278105501e-02,-5.251550275441385640e-01,5.569948538542937033e-01,-6.291205158869672687e-01,2.337171372505528200e-01,-5.462334877284114043e-02,-2.228575225817238104e-01,-2.023804542278440088e-01,-1.811133683594570165e-01,2.111669299862461990e-02,-8.976317896410199171e-02,-4.256237409503499380e-02,1.616260749147386822e-01,-5.394550149993115884e-02,-1.054995886522618331e-01,4.546615365534890929e-02,1.697583356537983867e-01,-3.099024480119627611e-02,-1.570292044868919490e-01
1.187135216014306299e-01,3.908000450981025109e-01,1.297120063434843984e-01,-3.669670413189253244e-01,-1.331749422707088903e-01,1.538986224425549776e-01,5.718912702644264323e-01,-1.598390054364194346e-01,-4.650674854191130247e-01,9.121065312933132052e-01,-1.902580523698914061e-01,-2.507534889368051578e-01,-3.378713780734657335e-01,-2.230700085097819252e-01,-1.335514750693389818e-01,-3.203603691185185065e-01,-1.991443902144270639e-01,1.267948574741120660e-03,1.079274186992655593e-01,-4.083970502610373421e-02,-4.641788498696520771e-01,8.890293799940258979e-02,1.099668300803755411e-01,3.369393490114852563e-02,-5.414286552711035094e-01
1.010512607092903525e-01,2.864914973119412345e-01,8.391482253522081214e-02,-3.046408083710080428e-01,-4.476192850911747678e-03,-2.010433060257432736e-02,-2.283204741886084577e-01,-1.678611523324060606e-01,-2.717907318452809085e-01,7.249013914690243254e-01,5.652024179764583156e-01,7.968896174441867375e-01,-3.095958641007793832e-01,-7.022389394040008392e-01,4.157788802862899535e-01,8.617482351316044786e-01,-5.376621294532782369e-02,-2.286143197563809126e-01,8.143866313133779622e-02,-3.221141621875281968e-01,4.723910049457267224e-01,-2.993953598879655620e-01,5.556419691452328669e-02,-3.809325202671832167e-01,1.078782768533364411e+00
1.059192580125840055e-01,2.127773589668254250e-01,1.007866063015834535e-01,-6.808853201066594751e-02,-4.322719474853041477e-02,9.564345240054730746e-02,-1.964945100371648712e+00,-5.889533446500150315e-01,-1.030267593636451595e+00,2.046038391668497880e+00,-2.883387344203567348e-01,8.913358363215656555e-01,-3.962456605650199748e-01,-2.446534860914685305e-01,-4.336174531329450854e-02,4.801079508810903174e-01,1.208976258144769667e-01,-6.868293205426663217e-01,-2.791736722349171251e-01,-4.220745540766778769e-01,1.658471633915985066e+00,-3.008418542153582509e-01,-3.238402362780308796e-01,-5.334825529460474058e-01,1.473996476643129050e+00
1.075614244003528924e-01,1.424406375705882799e-01,-7.796603286622147411e-02,-8.464536625725996299e-02,5.662766870529498120e-02,2.636648891759914293e-02,-4.172589287885182241e-01,-1.175011214208637189e-01,-1.769877308802747518e-01,4.144800386117086788e-02,3.721342781205005945e-01,5.220385339105418909e-01,-4.996762767151954887e-01,-6.251779938762693778e-01,5.433292235380446922e-01,-3.940462185964482833e-02,6.525319393095081744e-02,-3.591821029427773038e-01,-7.457173634168248189e-01,-3.022036685669599043e-02,-3.024888437695747445e-01,-2.084144071524670072e-01,-8.134660616137592282e-01,-6.579949598380829823e-02,1.045197472106373926e-01
1.342248460177392633e-01,-2.176187453846739617e-02,1.619525513339165335e-01,-7.604512527156992441e-03,3.461408099214557249e-02,8.041822952771315869e-02,7.382020021398898457e-01,-2.463690176015997935e-03,-2.628808677383485115e-01,9.207462175733654997e-01,-8.281821992352544903e-02,4.974266815421579668e-02,-1.241673838404735997e-01,-7.273747136722152895e-01,7.896445207393069099e-01,-4.816790582639489116e-01,4.308611845846764543e-03,-2.164219074532491016e-01,-8.286601830224343823e-01,1.798703687549862706e-01,-3.394749953694291000e-01,-5.579237712034618157e-02,-8.778970499200220434e-01,2.181668600164167748e-01,3.636908244074210650e-02
1.125630514015346639e-01,-1.638531210080212616e-02,-2.686846894264549590e-01,5.404744699550519116e-02,2.283374813405378845e-01,1.368599860577196237e-01,2.786155011814023030e+00,7.830475904737592696e-01,-2.471958223528671339e-01,-4.134946061113223825e-01,-1.002333841200752362e-01,-6.446040718506163003e-01,-5.868578039602619922e-01,-1.075729201627584786e+00,1.331176934834676917e+00,-1.186223723029772747e+00,-9.189640254083394910e-02,-1.760847914949767168e-01,-1.178971281630453394e+00,5.195729222801735991e-01,-1.616033727778674933e+00,-6.627536518009566335e-02,-1.253356024318399875e+00,5.437577519646480395e-01,-1.000613106227984384e+00
1.795553002807998566e-01,-2.790370256934647797e-01,3.521444955033330437e-01,2.691721991731155228e-01,2.891746670064387903e-02,1.401981509455784425e-01,-5.931825621135544679e-02,-4.943533814544314176e-01,2.608774601939529147e-01,-3.395354395915388679e-01,3.636387494676682763e-01,1.019617542744661876e-01,2.477768262069994787e-01,-2.902770487762205143e-01,1.748342273534864155e-02,3.489475506981309927e-02,-1.332044450716974859e-01,6.179892358949196085e-03,2.519223195555087003e-02,-3.987022315595334376e-02,-8.327559396140715720e-03,1.089354942830159101e-01,2.030095085000560573e-02,-3.196213658813729097e-02,9.663987249003636038e-03
1.289377758603389434e-01,-1.692233234613373660e-01,-3.518733653862327060e-02,2.203974365258891399e-01,2.980597914605490062e-01,4.175426367988013254e-01,1.980495920569366741e-01,3.109250105748888604e-01,-4.222245238622815422e-01,4.656098302697212477e-01,-7.522857404699223594e-01,-6.928655494681139615e-01,-1.444121942618292187e-01,-1.466560267064827006e+00,2.666233290956039781e+00,-4.501578500045065212e+00,-3.984435385710821675e-01,1.394211902599533648e-01,-5.210017675878573229e-01,3.138851187073032900e-01,-2.120751434988142670e+00,3.093309330901281573e-01,-5.716310874988945745e-01,6.049224614785364551e-01,-2.018870535293717516e+00
1.346596084546314021e-01,-3.398693444064416758e-01,-7.551901619407859478e-02,7.778957711722178647e-02,4.723583660510949356e-01,-1.423602271874289116e+00,2.979662534836798216e+00,6.195426572634772366e-01,5.878306733545102247e-01,-9.686768849510914992e-01,8.948955792220978367e-01,9.473495173578246664e+00,-4.615022994538988121e-01,1.241938916640173751e+00,-1.007610906710838528e-01,-7.430002438944871557e-01,1.060844505017214168e+00,7.159356805406035251e-01,-3.206300264759051610e-01,-1.526685348974706202e-01,-1.811639922074548714e+00,6.046534763370762233e-01,-1.909469608841575794e-01,-2.758266432998990325e-02,-2.535876828465909671e+00
2.604732295975796252e-01,-3.656636216340724554e-01,-1.110296813261757443e-01,2.902396853071480542e-01,-1.261280666080188961e-01,8.994807243289151266e-01,1.502884314650919872e+00,2.674178430025779818e-01,-8.046869928637172542e-01,1.306942376044179177e+00,-4.030333881270331542e-01,-5.747264019988769235e-01,9.745685294017214506e-01,-2.428011770868977237e+00,7.130604195915468679e+00,-1.341291850564652721e+00,-1.583792902084533161e+00,6.956504926275336453e-01,-3.284820446485861578e-01,-1.539970698017553985e-01,1.123018685076986767e+00,1.608049506567667541e-01,-2.728111761924824630e-01,2.932139930799951277e-03,3.780540538668342165e-02
3.229512311736322250e-01,-4.605695524109470473e-01,-1.251254395618555115e-01,3.123528169694034795e-01,-5.216349700134450540e-01,3.169939604829985491e-01,4.181857090549773837e+00,-1.028574238837475230e-01,-9.857423613593834233e-01,3.240950743885512964e+00,-1.914762960004879888e-01,1.653013149394486625e+00,8.291388215219723801e-01,4.299008309347840395e+00,-9.986033505889322370e+00,5.784031772195452614e-01,-6.477302911806179786e-01,7.884987369597320495e-01,-6.482718675884605597e-01,8.986537704240351587e-01,-1.366725330630469415e-02,1.280789176455268130e-01,-5.578079385908019105e-01,1.095825729719701158e+00,1.401312319328588574e+00
2.510414042867841200e-01,-4.483937335068571284e-01,-5.247804142239267389e-01,3.866425737929540252e-01,-1.962736953743250412e-01,-1.501953001992251124e-02,-2.323175947361848515e-01,7.446389007996828679e-01,8.392238470176747178e-01,-4.889145402973174015e-01,4.407246954330247268e-01,-4.186458654273308433e-01,8.704250316997511616e-01,1.689772138036062632e+00,-6.699701713806049952e-02,-8.220261316888533010e-02,1.518736592011080688e-01,1.444491870324042804e-01,5.842277396103690013e-02,8.426206429015647981e-02,-1.369684878386522309e-01,1.019905177065918711e-01,5.528803291465900216e-02,8.979740008924808059e-02,-6.637919095484057230e-02
2.040906557508857244e-01,-3.202731321810460274e-01,8.304874085071789480e-02,3.213656882148615557e-01,-1.648856087858883712e-01,-9.165136602752034234e-01,-2.533896690224359816e-01,1.427114673279522572e-01,9.848725840801281217e-01,-1.520779991713927970e+00,3.963468918545780095e+00,1.954686099671554711e+00,4.787832628093550147e-01,1.007661529163873748e+00,-1.586560530469071972e+00,1.012594855492259782e+01,1.024220707837321775e+00,-5.604147860119029767e-01,-1.601753549349456129e-01,7.602125593377179191e-01,3.140800829146662032e+00,-6.060414575808749094e-01,-4.456147822306262551e-02,2.622850945679275347e-02,3.419899117355015505e+00
1.949317236881749904e-01,-2.436230020502399007e-01,2.905726555935767702e-02,2.360771864674328091e-01,-8.508384776374204594e-02,-2.379974057086612360e-01,-1.208529198749797029e+00,1.576572094466903440e-01,6.266498933170521202e-01,-8.101535896159525185e-01,5.664851265637742550e-01,1.676319784084999931e+00,5.209282908067386364e-01,5.278408094884601276e-02,2.850603590703544299e-01,2.577153088879846621e-02,5.286452870302349449e-02,-4.967487149869331819e-02,1.328792013199123767e-01,3.768153315811745840e-01,1.493547784661670708e+00,-2.609740570837721374e-01,1.499449746890208490e-01,3.999013490089868839e-01,1.434332443857152306e+00
1.759756958513383485e-01,-1.318052291425471922e-01,9.101510659558309513e-02,2.321762870810354096e-01,-7.877124043879372983e-02,2.403601599623538254e-01,-1.878485207107768673e+00,-6.280042429279167338e-02,5.284881151963654045e-01,-1.158992650684057546e+00,2.539503342832374333e-01,8.497072213716287958e-01,4.803090657838329225e-01,1.258227432114792599e+00,-2.105521546889308038e+00,8.057749527918223187e-01,-4.786592035775378839e-01,4.142447902760061640e-03,4.172390249098300585e-01,3.333368363672048473e-01,1.003364137736395101e+00,-1.715011344365818813e-01,4.652328787323406489e-01,3.364885162612124003e-01,1.106926542739508967e+00
1.483310994242044989e-01,-1.220482006059086105e-01,-1.214015677729233522e-01,5.284789343665868833e-02,3.494884514694499011e-03,3.934824838924422252e-02,-4.982500551975954650e-01,4.428348541493196677e-01,3.851353956146771340e-01,-1.009477154154787115e+00,-3.414586704060548206e-01,-1.908750104073274168e+00,-4.749360585838036108e-02,-6.721544670843726532e-01,1.062830750196765539e+00,1.151532527938432526e-01,-7.979654031584249019e-02,-5.820578352870307143e-02,8.278306111424049707e-01,1.938405412650740789e-01,-9.939629374784941795e-02,5.011650158468880512e-02,8.882590856661658485e-01,1.492043404902193837e-01,1.513820502161461468e-01
1.215640171606404141e-01,4.158939651830219353e-02,2.175779773882799140e-01,-2.316927191412489206e-02,2.983442547196901024e-02,-2.722049571782239608e-01,-5.387780172256755318e-01,-2.337182682013311252e-02,-6.091012724457797178e-01,8.591038836729461003e-01,-4.154112164217438896e-01,-1.292592273980618822e+00,-1.457480483103085478e-01,-2.766817805477673753e-01,3.741039688575050759e-01,1.103209515803194707e+00,5.225280396652028925e-01,-6.805966872770605747e-01,8.663233752793763065e-01,7.166247561002495048e-02,1.638231269050997030e+00,-1.706521497982299851e-01,8.415948306087331909e-01,-4.596219864485306950e-02,1.617439859815544612e+00
1.110627465338612091e-01,-3.452318322670101802e-03,-3.201058128723222040e-01,-6.319985485961363003e-02,1.988195930024856395e-01,3.048592896564000787e-02,7.303203004126164188e-01,8.127587527713668880e-01,-9.457076371349183441e-01,9.085917871943619550e-01,-2.171921012407763474e+00,-2.885247360953141715e+00,-4.413583163275699439e-01,-2.432814366051095356e-01,-1.383626793583733194e-01,-7.096446687316573243e-01,1.676642776294593462e-01,2.480597201371526062e-01,1.124157362391735582e+00,-5.785760853485872879e-01,-2.720697329022037536e+00,6.506009370497709554e-01,1.155203403292390574e+00,-5.448209422304746141e-01,-3.202521584191094117e+00
1.276844674522882028e-01,2.466296102668558976e-01,4.513247609095434321e-01,-3.708076356386628136e-01,-6.195216657726704268e-02,8.820074599124025361e-02,9.451738030345124830e-02,-2.499442604159567427e-01,-9.568046000926079264e-01,6.103718332400809299e-02,-7.335623075854380559e-02,-7.204830918451410326e-02,3.999013408374703094e-01,-2.863740829558301670e-01,1.155389123274224716e-01,8.996570126986891403e-02,5.156158734852916981e-02,-5.985970213178593013e-03,-1.806353182075048913e-02,-2.486180906957757841e-02,-1.089248090112722167e-01,-1.798106117044684371e-02,-3.051752621631287354e-02,-8.419412833370110150e-03,-1.178442671010504483e-01
1.077341596775272248e-01,1.332953781465698317e-01,-2.247790337466853972e-02,-2.016512936134526868e-01,1.610107357951202356e-01,1.526003969380261838e-01,5.890183574356807616e-01,2.235501264934342536e-01,-2.115093517202088602e+00,4.006795923360281009e+00,-8.613486899453768331e+00,-9.191485685066935751e-01,-8.736691832732601526e-02,-8.633106577770027767e-02,-1.309627440003550136e-01,-2.254397457625861634e+00,2.673534092756076064e-02,3.843625373315511240e-01,5.587053997051920629e-01,-8.779335750247423409e-01,-2.623751690449775076e+00,5.574485723746095411e-01,4.896060972788333077e-01,-3.540803541050469017e-01,-3.074115595719253413e+00
1.187010139630209210e-01,2.076227221473062323e-01,-4.156241361391393996e-02,-3.138640887136934232e-01,4.665228158716384910e-02,1.732973732422080082e-01,-4.915050488833531794e+00,-7.083376284754321350e-01,3.654441568908331828e+00,-5.229808713083482274e+00,-2.913969593247838219e-01,1.338826803772223961e+00,3.286314706745201986e-01,1.186394102904774650e+00,-2.254162397604843271e+00,9.828047335938072671e-01,1.089653216028201033e-02,-1.442271250608289090e-01,7.548053348468286572e-01,-1.173093546826949884e-01,-3.762477707316413955e-01,-1.733909081523651308e-01,8.134192069213109777e-01,-3.560520320674397943e-01,1.930602216156978024e-01
9.278405881218329543e-02,2.512718766571673812e-01,-1.046094254264325341e-01,-3.503827865217952753e-01,2.358065010921172600e-01,-4.982739257353117623e-01,6.782713259816408602e+00,6.808029333780045711e-01,-4.139105861967159683e+00,5.991341795253315894e+00,-5.023134298380693696e-01,-3.198014638321669878e+00,-5.838532649738417124e-01,-1.952590755183528648e+00,2.913851745043326780e+00,-3.504400727529708437e-01,4.357616390691935737e-01,8.606889417297930445e-02,7.047667072271057709e-01,9.142913057822051881e-01,-9.260832570178266776e-01,-6.231819413754060566e-01,7.994721612862425442e-01,5.277088935303784201e-01,1.006540814995741107e+00
1.060621168078519361e-01,4.053536146402222373e-01,-5.749811498331346138e-02,-9.636769399944677961e-02,1.916678050767169905e-01,4.629348832039661965e-01,-6.447114126942579126e+00,-8.045767009314854779e-01,3.167587604577029481e+00,-5.054253914784323953e+00,3.590542901682158838e-01,-3.523276249953525507e+00,-1.951496780076998339e-01,1.813348156612895057e-01,-7.792133851739864170e-01,1.616546442882144108e-01,2.674650624532962651e-01,-5.238759602101921153e-01,1.694959673218870311e+00,-1.845574032482987903e+00,6.475460109274461251e-01,6.581771461378469468e-01,1.477631719261349952e+00,-1.522393460880224980e+00,-2.696885424433065559e+00
1.435061950936737662e-01,4.683856811355766592e-01,-9.023036565874918702e-02,-4.769378056988040071e-01,-3.584242627913467039e-02,1.065568754945312446e-01,2.992354486303030470e-01,-7.176714469397064144e-01,-6.705379777929536544e-01,8.002750647471623680e-01,1.935996159601699462e-02,-6.209103743829569311e-02,-3.267048664944618430e-01,1.110615231943670594e-01,5.059994750692473620e-01,-1.391636210217513936e-01,8.857892450370563608e-02,-8.923227958007040606e-03,-1.118234263543995688e-01,-2.655930797733918602e-02,-3.360262803107871843e-02,-6.372217200015839467e-02,-1.197334998561545572e-01,-2.216273358749654143e-02,-2.867309735834622231e-02
1.463803045176633733e-01,4.174455043717889557e-01,7.748884929548345568e-02,-5.083119830017581720e-01,-9.695095829729005743e-02,1.351928883513325852e-01,-1.485976340173445598e+00,-4.467420421274415077e-01,9.832465039070166224e-01,-1.229064843089358039e+00,2.572985780512600518e-01,1.526336431081818379e-01,-7.342144900252195461e-02,1.083678397946775396e-01,3.902291692537820378e-01,7.524027116490651368e-01,5.853000454764407251e-02,-1.319977907216143831e-01,-5.362775628029181618e-02,-1.418009314137338994e-02,8.899833677537480892e-01,-2.237644446123275010e-01,-4.913691854175553098e-02,-1.701315699619421196e-01,9.639702022604131892e-01
1.644434944540708876e-01,3.478950759522916880e-01,6.510522456274156489e-02,-1.886316916546507683e-01,-1.034210975639964641e-01,-2.785527392185378481e-01,1.336135522563419720e-02,-5.126735604699190763e-01,1.028378697677838627e-01,-2.741958120030059121e-01,2.656414309059930701e-01,-1.336783596608153157e-01,-4.767226763601237205e-01,2.410765144038999441e+00,-6.061572778618244506e+00,2.049876634351717186e+00,9.105344896835093627e-01,-5.926607103586620795e-01,-3.645773871535182287e-02,-5.001963633927487551e-01,2.321550011920034073e+00,-2.022685474543446660e-01,4.883693292923457774e-03,-6.764346069500865033e-01,1.268382148950465416e+00
1.638160600177303583e-01,2.637572362230149459e-01,7.020577172191216908e-02,-4.539502354447361165e-03,9.119929994726272415e-03,8.325532843140837080e-02,-4.007106451609587783e-01,-2.938168574313561598e-01,-5.681071629044438520e-01,8.542015512442280301e-01,-1.486289669753371179e-01,-6.961078012934881487e-01,-6.319650476247816728e-01,2.215550859488977231e+00,-5.687717003286642203e+00,1.338295237633274404e+00,3.146181802121427173e-01,-1.504048212443963584e-01,-2.364830487521958902e-01,-9.635943646252631556e-02,7.478623750374588930e-01,-2.527191482081130314e-01,-2.242361802520047021e-01,-1.905692591602091701e-01,6.126513298467012314e-01
1.813181404664154506e-01,1.774807538161223275e-01,1.317844439507623311e-02,7.544027005877806946e-02,2.963428056715026321e-02,-2.943488463227561525e-03,6.939240408361520007e-01,-2.886290254363413355e-01,-3.475005999383937727e-01,9.556082584669334246e-03,-3.809011346152385569e-02,-5.886493881744839785e-01,-6.346682738745238472e-01,1.721130813896408984e+00,-4.373740628012475540e+00,7.451038983326186971e-01,2.361114092478573401e-01,6.151142561864347824e-02,-4.117819312094940787e-01,6.019428444572980097e-02,-3.295644254819718455e-02,-1.383021918327478894e-01,-4.126632562491145961e-01,-6.006236409789478259e-03,-2.379372099819951902e-01
2.087564730736479190e-01,7.554242389467241692e-02,2.476561756735533998e-02,1.095397113111429982e-01,2.200745317930338785e-04,-9.857592108045190593e-02,2.152317898459847889e+00,2.537756714670924563e-02,-1.285790382824407996e-01,2.608502413586823443e-01,-3.486295686592451593e-01,-5.702601017587912713e-01,-3.965293524156505711e-01,9.649373954813902365e-01,-2.561948455701505978e+00,2.428241618529964896e-01,2.005561794078805637e-02,4.501098495171222957e-01,-4.918842868104069121e-01,3.366827962507655814e-01,-1.020706181159446002e+00,-1.795699238244341522e-02,-4.992567522367405419e-01,3.271326705161573534e-01,-8.432387361266502346e-01
2.502003797937623619e-01,-4.420966315915042522e-04,-9.506184160250868986e-02,7.912066688593741293e-02,-1.004074622382004345e-01,-4.120355163325812864e-01,1.254694376745344009e+00,-4.702146131073677848e-01,2.253535799468255885e+00,-4.619373943874244937e+00,1.998394188980452957e-01,4.210847811593421142e-02,1.165397262805378809e-02,5.636904569294716172e-01,-1.465657763161244631e+00,6.436467624630795581e-02,2.207804714838294269e-01,6.851302661277227646e-01,-4.861811823571438596e-01,5.624541670528828696e-01,-2.020972021978061139e+00,2.856785538664768920e-01,-4.603705015070573281e-01,6.619265028926938355e-01,-1.612427710808701509e+00
2.120493260072682240e-01,1.357415638976550327e-03,-4.943616798767085374e-01,8.998648537731181174e-02,1.132584980864514701e-01,-1.277015278512388941e-02,1.301996308439843375e-01,-5.023686190979181898e-02,2.704841081532363134e-01,5.475819742614325136e-01,-7.275171791064449778e-02,1.142885879953278033e-01,-1.303741877511693514e-01,-1.066117922132104878e-01,-1.236452543097970036e-01,-2.617222049018697039e-02,-3.647090480919348843e-02,-7.104612040756519420e-02,-9.471142004436650108e-02,-1.765635361043127460e-02,-4.132844906142207897e-02,-3.351845272777348450e-02,-1.042506512837527155e-01,-1.788348733075184605e-02,-2.249332595237873988e-02
2.481775290706462189e-01,-2.376906301188187742e-02,-3.633443365126676761e-01,1.012098602552508886e-01,-7.343715213817358922e-02,-4.991433806406099793e-01,-1.081929812391027701e+00,-7.344252726186679681e-01,3.548566654072422555e+00,-6.396488325182626333e+00,7.138860417294017324e+00,1.013254495283178569e+00,1.227685123890430996e-01,1.516932807438711617e+00,-2.061490939243669107e+00,2.016035634294151890e+00,4.546741944077391517e-01,-1.516886670591985897e-01,-3.909989288569327981e-02,-3.919990136819206938e-02,8.294720903079790819e-01,-9.733202607181667965e-02,-3.724025867451349892e-02,-1.372414748122659234e-01,8.267080461243869749e-01
3.581826590463944582e-01,-1.085147337784859306e-01,-7.736456856661706460e-01,-1.193692748559049832e-01,-4.337674348949074332e-01,6.123089226663607221e-01,6.300975562858106116e+00,3.998524427377923018e-01,3.657240920660919326e+00,-5.917306026388319928e+00,6.829511554257994277e-01,-3.975116981328456589e+00,1.019382731821586896e+00,2.043661134246106403e+00,-4.408064436194983671e+00,2.379958412965757386e+00,-1.392522727389891024e+00,1.011914076262988127e+00,1.066480759793698052e+00,-8.707516806965416301e-01,-1.632442537767472723e+00,7.524437624786963763e-01,1.072732764822699414e+00,-3.387142681819417245e-01,-1.593086707639284505e+00
3.311922769424122670e-01,-6.689473351396804657e-02,-8.503990113426012076e-01,2.723161647524188211e-01,-3.744825317166602385e-01,-1.761081147638675626e-01,3.211474306028412329e+00,1.145779657721081701e+00,2.873090363752413445e+00,-3.852095534973051016e+00,-1.801630970946284549e+00,-2.906607919831388109e+00,3.140965697785966793e-01,2.223635362685712380e+00,-2.199516514457859007e+00,3.123130382773766200e+00,-1.514018940087245024e-01,1.025377814872230342e-01,-2.640909947644398681e-01,3.611233437463519103e-01,2.551554055784323261e+00,2.297101295952040934e-01,-2.725414954606970586e-01,4.987645625658132520e-01,2.368793991189797943e+00
2.548225465377841892e-01,-1.126239254673627038e-02,-1.261637374625561137e+00,5.091460962345748520e-01,-1.674857177416250176e-02,3.993864885670602716e-01,-3.139666629310201351e+00,-2.595579158331835945e+00,4.231439328679032386e+00,-8.005121697430762850e+00,5.168097156779212220e-01,-3.278026965254537295e+00,-1.214344833928532319e+00,2.976415857404544951e+00,-7.016840028956710995e+00,2.745117563802208061e+00,-6.174489155610261015e-01,4.444072796242299894e-01,-6.226698681117687206e-01,1.823167072220755747e-01,-1.994412702376386903e+00,5.376599540595321525e-01,-6.662402456331428802e-01,4.327207141324223572e-01,-1.894837077022181404e+00
1.851871799753850856e-01,-9.126957677640445965e-02,-1.588970404747228615e+00,3.913421812100021380e-01,2.210905949969413364e-01,-2.516539954242972277e-01,9.362286158937305203e-03,1.569697007822186130e-01,6.712258116750078329e-01,-2.832039554569583117e-01,-2.732027085148014400e-02,-2.018864553348995727e-01,3.321336098080318600e-02,3.944500501975358731e-01,-1.849677436677925613e-01,3.303962306924024261e-02,-2.952662375091474889e-02,-5.928494785616156282e-02,-5.136477670610650748e-02,-1.617255318481528037e-02,-2.813899477096093449e-02,-1.810456815724370561e-02,-4.689930057339775082e-02,-1.792586525849138024e-02,-1.996048086424906387e-02
1.843424172998937016e-01,-9.264033016607413351e-02,-1.601039469821230909e+00,4.023581188083217297e-01,2.322287750625948444e-01,-2.678457701631244969e-01,2.763657066069118845e-02,1.602820183156945799e-01,6.800909552675772352e-01,-3.371608593625366468e-01,1.340489629007526884e-02,-9.202436096114651187e-01,-5.793660878001973824e-01,2.649636720929428702e+00,-5.479771937824301276e+00,1.134692359026892206e+01,-1.202942533967014602e-02,-4.896145153794952132e-02,-3.549719823579228217e-02,-4.049768721762217472e-02,-9.115657139444265089e-02,-2.175078854577960907e-04,-3.191192190470119178e-02,-2.527440164945711845e-02,-1.096798140966023516e-01
1.579894931434275840e-01,-1.318402070581941310e-01,-2.061931794950876196e+00,-8.374794358656578730e-02,1.919104744167205723e-01,-7.181140699800114824e-02,6.822980373236562368e-01,4.579193349732264551e-01,5.305858537129502395e+00,-1.382537487253036623e+01,4.214135432864441810e+00,-1.428431946973104605e+00,-2.424306448914803624e-02,2.859078630099718410e+00,-6.283827100812760413e+00,-1.710798861498687984e+00,-7.719270482537700095e-01,-1.059858033207251582e+00,-6.759271994286955021e-01,1.255166762164960481e+00,5.047258419406782437e+00,-1.793224591833763260e+00,-8.059736061258392370e-01,9.991694912860648037e-01,7.114425387012662583e+00
1.374948644366154604e-01,-1.059104850923079655e-01,-2.461171760501618788e+00,-2.080502803697388825e-01,3.784548682940152009e-01,-2.333669435625559674e-01,2.380323305805090328e+00,1.708120068866077368e+00,3.507728066333860362e+00,-1.149265207082960671e+01,3.036590288859398079e+00,-1.119366595607400150e+00,3.242030284289709186e-01,2.773528795372414368e+00,-6.596535526518908732e+00,-2.919614737813140071e+00,-1.122546660272604857e+00,-1.241955065045902584e+00,-6.135589078852705658e-01,1.049957696363999604e+00,5.221500237703908809e+00,-2.030038172693617859e+00,-6.420603126224977419e-01,8.724097010407317887e-01,6.779974983389966070e+00
2.466737434240263704e-01,-6.507521329274085220e-02,-2.940523053526598929e+00,-1.109723160134000186e-01,1.038978337218282033e-01,2.440390940379290330e-01,2.449603501499214353e+00,1.056808120515610572e+00,2.701686802669978071e+00,-1.088347989798811000e+01,2.222436011904560083e+00,-2.574633884042365928e+00,2.526752898968667727e-01,3.412620375768825820e+00,-7.861762396116584561e+00,-2.440717570734210362e+00,-1.845889787208657040e+00,-8.115426772829802404e-01,-2.045349984146461186e-01,-9.974187738422779503e-02,3.546840373308143946e+00,-1.075073080013589921e+00,-2.993220752232559345e-01,7.026509022396232318e-02,3.243662295996724954e+00
3.139492297507252561e-01,-5.853060337894620130e-02,-3.407192434672966730e+00,-9.972211439511884101e-02,-9.695975100364795374e-02,-1.268731203641764449e-01,2.987990355286833655e+00,1.667444331668982427e-01,2.626183184618751554e+00,-9.735177828197018712e+00,1.638014668382175465e+00,-2.205169299224427171e+00,1.714609262395442590e-01,3.750500961742645689e+00,-7.920163002409291941e+00,-8.064623325150248601e-01,-1.686209710934764239e+00,-5.283570511328288255e-01,-5.276509673968626801e-02,-2.924075618104589047e-01,2.651245148885789327e+00,-5.844136947623317369e-01,-2.294774178417137711e-01,-7.333764583962384953e-03,1.817340924047707862e+00
3.414724733994540795e-01,-7.015709852893373122e-02,-3.877421094495506093e+00,-1.408235851840888841e-01,-1.601374308086112586e-01,4.663215512696411436e-02,2.980118353970854894e+00,-2.855314711931279392e-01,3.012256837392640385e+00,-8.079734593729838821e+00,-2.807641060367429553e-01,-2.844931141088975934e+00,-3.694622516753098385e+00,2.175287472740096817e+00,-9.423688518210935783e+00,-5.818831910059939494e-01,-1.717186978909200690e+00,-1.017298306838713695e-01,-6.158293364425547478e-02,-1.038770123162376102e-01,5.384103191951683520e-01,1.067030722295216894e-01,-2.769942180987489677e-01,-8.856927792555800705e-02,1.663811196568736328e-01
